ds,y,anomaly,trend,trend_lower,trend_upper,Christmas Day,Christmas Day_lower,Christmas Day_upper,Columbus Day,Columbus Day_lower,Columbus Day_upper,Independence Day,Independence Day_lower,Independence Day_upper,Juneteenth National Independence Day,Juneteenth National Independence Day_lower,Juneteenth National Independence Day_upper,Labor Day,Labor Day_lower,Labor Day_upper,Martin Luther King Jr. Day,Martin Luther King Jr. Day_lower,Martin Luther King Jr. Day_upper,Memorial Day,Memorial Day_lower,Memorial Day_upper,New Year's Day,New Year's Day_lower,New Year's Day_upper,New Year's Day (Observed),New Year's Day (Observed)_lower,New Year's Day (Observed)_upper,Thanksgiving,Thanksgiving_lower,Thanksgiving_upper,Veterans Day,Veterans Day_lower,Veterans Day_upper,Veterans Day (Observed),Veterans Day (Observed)_lower,Veterans Day (Observed)_upper,Washington's Birthday,Washington's Birthday_lower,Washington's Birthday_upper,additive_terms,additive_terms_lower,additive_terms_upper,holidays,holidays_lower,holidays_upper,weekly,weekly_lower,weekly_upper,multiplicative_terms,multiplicative_terms_lower,multiplicative_terms_upper,yhat,yhat_lower,yhat_upper,sigma,anomaly_zscore,anomaly_tier,_kpi_id,_kpi,_dimension_name,_dimension_value,_guid,_client_id,_pipeline_id,_start_time,_pipeline_tag,_frequency
2023-06-20,1.0,False,841.645681015776,841.645681015776,841.645681015776,0.0,0.0,0.0,0.0,0.0,0.0,0.0,0.0,0.0,616.7113156796972,616.7113156796972,616.7113156796972,0.0,0.0,0.0,0.0,0.0,0.0,0.0,0.0,0.0,0.0,0.0,0.0,0.0,0.0,0.0,0.0,0.0,0.0,0.0,0.0,0.0,0.0,0.0,0.0,0.0,0.0,0.0,784.118826351309,784.118826351309,784.118826351309,616.7113156796972,616.7113156796972,616.7113156796972,10.039067788241589,10.039067788241589,10.039067788241589,0.0,0.0,0.0,1.0180981059492935,0.01,14.464988038841891,7.772768747336762,0.0,0,ff8811ca-f4c9-4b3f-85c4-9e1d8a86593a,total_orders,,,7e2ba566-7fa7-4af2-9193-de1705cef021,trueclassic,trueclassic_trueclassic_blotout_kpi_set1_d,2023-09-22 12:58:33.167354,trueclassic_blotout_kpi_set1,d
2023-06-21,0.0,True,1224.008465264444,1224.008465264444,1224.008465264444,0.0,0.0,0.0,0.0,0.0,0.0,0.0,0.0,0.0,48.519955524812936,48.519955524812936,48.519955524812936,0.0,0.0,0.0,0.0,0.0,0.0,0.0,0.0,0.0,0.0,0.0,0.0,0.0,0.0,0.0,0.0,0.0,0.0,0.0,0.0,0.0,0.0,0.0,0.0,0.0,0.0,0.0,4.003799091342507,4.003799091342507,4.003799091342507,48.519955524812936,48.519955524812936,48.519955524812936,24.648019372598192,24.648019372598192,24.648019372598192,0.0,0.0,0.0,1368.0220351722735,1094.3817678167484,1641.662302527799,158.1735649453903,-8.648866424959097,high,ff8811ca-f4c9-4b3f-85c4-9e1d8a86593a,total_orders,,,7e2ba566-7fa7-4af2-9193-de1705cef021,trueclassic,trueclassic_trueclassic_blotout_kpi_set1_d,2023-09-22 12:58:33.167354,trueclassic_blotout_kpi_set1,d
2023-06-22,0.0,True,1677.765378810358,1677.765378810358,1677.765378810358,0.0,0.0,0.0,0.0,0.0,0.0,0.0,0.0,0.0,0.0,0.0,0.0,0.0,0.0,0.0,0.0,0.0,0.0,0.0,0.0,0.0,0.0,0.0,0.0,0.0,0.0,0.0,0.0,0.0,0.0,0.0,0.0,0.0,0.0,0.0,0.0,0.0,0.0,0.0,15.415194431396008,15.415194431396008,15.415194431396008,0.0,0.0,0.0,15.415194431396008,15.415194431396008,15.415194431396008,0.0,0.0,0.0,1371.540528939889,1096.4681776070618,1646.6128802727164,159.0013591519233,-8.625967326665451,high,ff8811ca-f4c9-4b3f-85c4-9e1d8a86593a,total_orders,,,7e2ba566-7fa7-4af2-9193-de1705cef021,trueclassic,trueclassic_trueclassic_blotout_kpi_set1_d,2023-09-22 12:58:33.167354,trueclassic_blotout_kpi_set1,d
2023-06-23,1499.0,True,2202.916421653518,2202.916421653518,2202.916421653518,0.0,0.0,0.0,0.0,0.0,0.0,0.0,0.0,0.0,0.0,0.0,0.0,0.0,0.0,0.0,0.0,0.0,0.0,0.0,0.0,0.0,0.0,0.0,0.0,0.0,0.0,0.0,0.0,0.0,0.0,0.0,0.0,0.0,0.0,0.0,0.0,0.0,0.0,0.0,9.984625823192465,9.984625823192465,9.984625823192465,0.0,0.0,0.0,9.984625823192465,9.984625823192465,9.984625823192465,0.0,0.0,0.0,1916.2848227689144,1593.449952185303,2239.119693352525,186.60975178243424,-2.236136208226787,low,ff8811ca-f4c9-4b3f-85c4-9e1d8a86593a,total_orders,,,7e2ba566-7fa7-4af2-9193-de1705cef021,trueclassic,trueclassic_trueclassic_blotout_kpi_set1_d,2023-09-22 12:58:33.167354,trueclassic_blotout_kpi_set1,d
2023-06-24,3692.0,True,2799.461593793923,2799.461593793923,2799.461593793923,0.0,0.0,0.0,0.0,0.0,0.0,0.0,0.0,0.0,0.0,0.0,0.0,0.0,0.0,0.0,0.0,0.0,0.0,0.0,0.0,0.0,0.0,0.0,0.0,0.0,0.0,0.0,0.0,0.0,0.0,0.0,0.0,0.0,0.0,0.0,0.0,0.0,0.0,0.0,8.899962572666986,8.899962572666986,8.899962572666986,0.0,0.0,0.0,8.899962572666986,8.899962572666986,8.899962572666986,0.0,0.0,0.0,3124.051932579642,2722.4108266402245,3525.69303851906,232.1624889823224,2.446338639415617,low,ff8811ca-f4c9-4b3f-85c4-9e1d8a86593a,total_orders,,,7e2ba566-7fa7-4af2-9193-de1705cef021,trueclassic,trueclassic_trueclassic_blotout_kpi_set1_d,2023-09-22 12:58:33.167354,trueclassic_blotout_kpi_set1,d
2023-06-25,4421.0,False,3115.137137934225,3115.137137934225,3115.137137934225,0.0,0.0,0.0,0.0,0.0,0.0,0.0,0.0,0.0,0.0,0.0,0.0,0.0,0.0,0.0,0.0,0.0,0.0,0.0,0.0,0.0,0.0,0.0,0.0,0.0,0.0,0.0,0.0,0.0,0.0,0.0,0.0,0.0,0.0,0.0,0.0,0.0,0.0,0.0,108.65644246620288,108.65644246620288,108.65644246620288,0.0,0.0,0.0,108.65644246620288,108.65644246620288,108.65644246620288,0.0,0.0,0.0,4387.373778242041,3891.3137269704976,4883.433829513585,286.7399140297941,0.0,0,ff8811ca-f4c9-4b3f-85c4-9e1d8a86593a,total_orders,,,7e2ba566-7fa7-4af2-9193-de1705cef021,trueclassic,trueclassic_trueclassic_blotout_kpi_set1_d,2023-09-22 12:58:33.167354,trueclassic_blotout_kpi_set1,d
2023-06-26,3606.0,False,3447.6730172243424,3447.6730172243424,3447.6730172243424,0.0,0.0,0.0,0.0,0.0,0.0,0.0,0.0,0.0,0.0,0.0,0.0,0.0,0.0,0.0,0.0,0.0,0.0,0.0,0.0,0.0,0.0,0.0,0.0,0.0,0.0,0.0,0.0,0.0,0.0,0.0,0.0,0.0,0.0,0.0,0.0,0.0,0.0,0.0,3.2835979003991307,3.2835979003991307,3.2835979003991307,0.0,0.0,0.0,3.2835979003991307,3.2835979003991307,3.2835979003991307,0.0,0.0,0.0,3663.7548470781167,3225.358597064698,4102.151097091535,253.40823700197583,0.0,0,ff8811ca-f4c9-4b3f-85c4-9e1d8a86593a,total_orders,,,7e2ba566-7fa7-4af2-9193-de1705cef021,trueclassic,trueclassic_trueclassic_blotout_kpi_set1_d,2023-09-22 12:58:33.167354,trueclassic_blotout_kpi_set1,d
2023-06-27,3463.0,False,3797.06923166428,3797.06923166428,3797.06923166428,0.0,0.0,0.0,0.0,0.0,0.0,0.0,0.0,0.0,0.0,0.0,0.0,0.0,0.0,0.0,0.0,0.0,0.0,0.0,0.0,0.0,0.0,0.0,0.0,0.0,0.0,0.0,0.0,0.0,0.0,0.0,0.0,0.0,0.0,0.0,0.0,0.0,0.0,0.0,10.039067788177787,10.039067788177787,10.039067788177787,0.0,0.0,0.0,10.039067788177787,10.039067788177787,10.039067788177787,0.0,0.0,0.0,3416.626364335956,2986.433322473468,3846.819406198443,248.6664981864092,0.0,0,ff8811ca-f4c9-4b3f-85c4-9e1d8a86593a,total_orders,,,7e2ba566-7fa7-4af2-9193-de1705cef021,trueclassic,trueclassic_trueclassic_blotout_kpi_set1_d,2023-09-22 12:58:33.167354,trueclassic_blotout_kpi_set1,d
2023-06-28,3368.0,False,4163.199164484788,4163.199164484788,4163.199164484788,0.0,0.0,0.0,0.0,0.0,0.0,0.0,0.0,0.0,0.0,0.0,0.0,0.0,0.0,0.0,0.0,0.0,0.0,0.0,0.0,0.0,0.0,0.0,0.0,0.0,0.0,0.0,0.0,0.0,0.0,0.0,0.0,0.0,0.0,0.0,0.0,0.0,0.0,0.0,24.64801937264623,24.64801937264623,24.64801937264623,0.0,0.0,0.0,24.64801937264623,24.64801937264623,24.64801937264623,0.0,0.0,0.0,3547.1768672096105,3092.824740401345,4001.528994017877,262.631287172408,0.0,0,ff8811ca-f4c9-4b3f-85c4-9e1d8a86593a,total_orders,,,7e2ba566-7fa7-4af2-9193-de1705cef021,trueclassic,trueclassic_trueclassic_blotout_kpi_set1_d,2023-09-22 12:58:33.167354,trueclassic_blotout_kpi_set1,d
2023-06-29,4211.0,False,4546.178039167922,4546.178039167922,4546.178039167922,0.0,0.0,0.0,0.0,0.0,0.0,0.0,0.0,0.0,0.0,0.0,0.0,0.0,0.0,0.0,0.0,0.0,0.0,0.0,0.0,0.0,0.0,0.0,0.0,0.0,0.0,0.0,0.0,0.0,0.0,0.0,0.0,0.0,0.0,0.0,0.0,0.0,0.0,0.0,15.41519443134706,15.41519443134706,15.41519443134706,0.0,0.0,0.0,15.41519443134706,15.41519443134706,15.41519443134706,0.0,0.0,0.0,4032.139861173355,3558.8225804874505,4505.457141859259,273.5938038646845,0.0,0,ff8811ca-f4c9-4b3f-85c4-9e1d8a86593a,total_orders,,,7e2ba566-7fa7-4af2-9193-de1705cef021,trueclassic,trueclassic_trueclassic_blotout_kpi_set1_d,2023-09-22 12:58:33.167354,trueclassic_blotout_kpi_set1,d
2023-06-30,4525.0,False,4946.0058557136845,4946.0058557136845,4946.0058557136845,0.0,0.0,0.0,0.0,0.0,0.0,0.0,0.0,0.0,0.0,0.0,0.0,0.0,0.0,0.0,0.0,0.0,0.0,0.0,0.0,0.0,0.0,0.0,0.0,0.0,0.0,0.0,0.0,0.0,0.0,0.0,0.0,0.0,0.0,0.0,0.0,0.0,0.0,0.0,9.984625823162204,9.984625823162204,9.984625823162204,0.0,0.0,0.0,9.984625823162204,9.984625823162204,9.984625823162204,0.0,0.0,0.0,4511.540179305111,4014.23228254206,5008.848076068161,287.46121200176344,0.0,0,ff8811ca-f4c9-4b3f-85c4-9e1d8a86593a,total_orders,,,7e2ba566-7fa7-4af2-9193-de1705cef021,trueclassic,trueclassic_trueclassic_blotout_kpi_set1_d,2023-09-22 12:58:33.167354,trueclassic_blotout_kpi_set1,d
2023-07-01,5957.0,False,5362.682614122075,5362.682614122075,5362.682614122075,0.0,0.0,0.0,0.0,0.0,0.0,0.0,0.0,0.0,0.0,0.0,0.0,0.0,0.0,0.0,0.0,0.0,0.0,0.0,0.0,0.0,0.0,0.0,0.0,0.0,0.0,0.0,0.0,0.0,0.0,0.0,0.0,0.0,0.0,0.0,0.0,0.0,0.0,0.0,8.899962572698263,8.899962572698263,8.899962572698263,0.0,0.0,0.0,8.899962572698263,8.899962572698263,8.899962572698263,0.0,0.0,0.0,5808.515864760337,5248.915914151715,6368.115815368959,323.4681795425561,0.0,0,ff8811ca-f4c9-4b3f-85c4-9e1d8a86593a,total_orders,,,7e2ba566-7fa7-4af2-9193-de1705cef021,trueclassic,trueclassic_trueclassic_blotout_kpi_set1_d,2023-09-22 12:58:33.167354,trueclassic_blotout_kpi_set1,d
2023-07-02,7172.0,False,5107.889762260298,5107.889762260298,5107.889762260298,0.0,0.0,0.0,0.0,0.0,0.0,7.8025682357580015,7.8025682357580015,7.8025682357580015,0.0,0.0,0.0,0.0,0.0,0.0,0.0,0.0,0.0,0.0,0.0,0.0,0.0,0.0,0.0,0.0,0.0,0.0,0.0,0.0,0.0,0.0,0.0,0.0,0.0,0.0,0.0,0.0,0.0,0.0,174.6929975685698,174.6929975685698,174.6929975685698,7.8025682357580015,7.8025682357580015,7.8025682357580015,108.6564424661442,108.6564424661442,108.6564424661442,0.0,0.0,0.0,7171.8287192730695,6543.272466544979,7800.38497200116,363.3273137156594,0.0,0,ff8811ca-f4c9-4b3f-85c4-9e1d8a86593a,total_orders,,,7e2ba566-7fa7-4af2-9193-de1705cef021,trueclassic,trueclassic_trueclassic_blotout_kpi_set1_d,2023-09-22 12:58:33.167354,trueclassic_blotout_kpi_set1,d
2023-07-03,6439.0,False,4859.2980050874985,4859.2980050874985,4859.2980050874985,0.0,0.0,0.0,0.0,0.0,0.0,76.02951025918671,76.02951025918671,76.02951025918671,0.0,0.0,0.0,0.0,0.0,0.0,0.0,0.0,0.0,0.0,0.0,0.0,0.0,0.0,0.0,0.0,0.0,0.0,0.0,0.0,0.0,0.0,0.0,0.0,0.0,0.0,0.0,0.0,0.0,0.0,110.91376259923146,110.91376259923146,110.91376259923146,76.02951025918671,76.02951025918671,76.02951025918671,3.2835979003777243,3.2835979003777243,3.2835979003777243,0.0,0.0,0.0,6438.493791461719,5877.522472826689,6999.465110096748,324.26087782371644,0.0,0,ff8811ca-f4c9-4b3f-85c4-9e1d8a86593a,total_orders,,,7e2ba566-7fa7-4af2-9193-de1705cef021,trueclassic,trueclassic_trueclassic_blotout_kpi_set1_d,2023-09-22 12:58:33.167354,trueclassic_blotout_kpi_set1,d
2023-07-04,7426.0,False,4616.907342603669,4616.907342603669,4616.907342603669,0.0,0.0,0.0,0.0,0.0,0.0,457.4090548428932,457.4090548428932,457.4090548428932,0.0,0.0,0.0,0.0,0.0,0.0,0.0,0.0,0.0,0.0,0.0,0.0,0.0,0.0,0.0,0.0,0.0,0.0,0.0,0.0,0.0,0.0,0.0,0.0,0.0,0.0,0.0,0.0,0.0,0.0,331.9201106410595,331.9201106410595,331.9201106410595,457.4090548428932,457.4090548428932,457.4090548428932,10.039067788170168,10.039067788170168,10.039067788170168,0.0,0.0,0.0,7424.666216958174,6784.042632169998,8065.28980174635,370.3026501665757,0.0,0,ff8811ca-f4c9-4b3f-85c4-9e1d8a86593a,total_orders,,,7e2ba566-7fa7-4af2-9193-de1705cef021,trueclassic,trueclassic_trueclassic_blotout_kpi_set1_d,2023-09-22 12:58:33.167354,trueclassic_blotout_kpi_set1,d
2023-07-05,6270.0,False,4380.7177748088125,4380.7177748088125,4380.7177748088125,0.0,0.0,0.0,0.0,0.0,0.0,322.36466072247947,322.36466072247947,322.36466072247947,0.0,0.0,0.0,0.0,0.0,0.0,0.0,0.0,0.0,0.0,0.0,0.0,0.0,0.0,0.0,0.0,0.0,0.0,0.0,0.0,0.0,0.0,0.0,0.0,0.0,0.0,0.0,0.0,0.0,0.0,168.73592443113208,168.73592443113208,168.73592443113208,322.36466072247947,322.36466072247947,322.36466072247947,24.648019372541707,24.648019372541707,24.648019372541707,0.0,0.0,0.0,6268.970449265086,5670.041679714224,6867.899218815948,346.2016008964518,0.0,0,ff8811ca-f4c9-4b3f-85c4-9e1d8a86593a,total_orders,,,7e2ba566-7fa7-4af2-9193-de1705cef021,trueclassic,trueclassic_trueclassic_blotout_kpi_set1_d,2023-09-22 12:58:33.167354,trueclassic_blotout_kpi_set1,d
2023-07-06,4040.0,False,4150.729288135663,4150.729288135663,4150.729288135663,0.0,0.0,0.0,0.0,0.0,0.0,9.363281201397992,9.363281201397992,9.363281201397992,0.0,0.0,0.0,0.0,0.0,0.0,0.0,0.0,0.0,0.0,0.0,0.0,0.0,0.0,0.0,0.0,0.0,0.0,0.0,0.0,0.0,0.0,0.0,0.0,0.0,0.0,0.0,0.0,0.0,0.0,0.7504253385686531,0.7504253385686531,0.7504253385686531,9.363281201397992,9.363281201397992,9.363281201397992,15.415194431369432,15.415194431369432,15.415194431369432,0.0,0.0,0.0,4039.858704137172,3577.295293559532,4502.422114714813,267.3776939755149,0.0,0,ff8811ca-f4c9-4b3f-85c4-9e1d8a86593a,total_orders,,,7e2ba566-7fa7-4af2-9193-de1705cef021,trueclassic,trueclassic_trueclassic_blotout_kpi_set1_d,2023-09-22 12:58:33.167354,trueclassic_blotout_kpi_set1,d
2023-07-07,3376.0,False,3926.9418968931022,3926.9418968931022,3926.9418968931022,0.0,0.0,0.0,0.0,0.0,0.0,0.0,0.0,0.0,0.0,0.0,0.0,0.0,0.0,0.0,0.0,0.0,0.0,0.0,0.0,0.0,0.0,0.0,0.0,0.0,0.0,0.0,0.0,0.0,0.0,0.0,0.0,0.0,0.0,0.0,0.0,0.0,0.0,0.0,9.984625823131942,9.984625823131942,9.984625823131942,0.0,0.0,0.0,9.984625823131942,9.984625823131942,9.984625823131942,0.0,0.0,0.0,3540.9010413660685,3099.2597752651227,3982.5423074670143,255.28396884447736,0.0,0,ff8811ca-f4c9-4b3f-85c4-9e1d8a86593a,total_orders,,,7e2ba566-7fa7-4af2-9193-de1705cef021,trueclassic,trueclassic_trueclassic_blotout_kpi_set1_d,2023-09-22 12:58:33.167354,trueclassic_blotout_kpi_set1,d
2023-07-08,3945.0,False,3709.3556010811294,3709.3556010811294,3709.3556010811294,0.0,0.0,0.0,0.0,0.0,0.0,0.0,0.0,0.0,0.0,0.0,0.0,0.0,0.0,0.0,0.0,0.0,0.0,0.0,0.0,0.0,0.0,0.0,0.0,0.0,0.0,0.0,0.0,0.0,0.0,0.0,0.0,0.0,0.0,0.0,0.0,0.0,0.0,0.0,8.899962572508183,8.899962572508183,8.899962572508183,0.0,0.0,0.0,8.899962572508183,8.899962572508183,8.899962572508183,0.0,0.0,0.0,4081.64585531122,3618.9473687757,4544.344341846741,267.45577256388486,0.0,0,ff8811ca-f4c9-4b3f-85c4-9e1d8a86593a,total_orders,,,7e2ba566-7fa7-4af2-9193-de1705cef021,trueclassic,trueclassic_trueclassic_blotout_kpi_set1_d,2023-09-22 12:58:33.167354,trueclassic_blotout_kpi_set1,d
2023-07-09,4925.0,False,3776.214842203281,3776.214842203281,3776.214842203281,0.0,0.0,0.0,0.0,0.0,0.0,0.0,0.0,0.0,0.0,0.0,0.0,0.0,0.0,0.0,0.0,0.0,0.0,0.0,0.0,0.0,0.0,0.0,0.0,0.0,0.0,0.0,0.0,0.0,0.0,0.0,0.0,0.0,0.0,0.0,0.0,0.0,0.0,0.0,108.6564424662168,108.6564424662168,108.6564424662168,0.0,0.0,0.0,108.6564424662168,108.6564424662168,108.6564424662168,0.0,0.0,0.0,5165.9802897770805,4633.257066899447,5698.703512654714,307.9324987731989,0.0,0,ff8811ca-f4c9-4b3f-85c4-9e1d8a86593a,total_orders,,,7e2ba566-7fa7-4af2-9193-de1705cef021,trueclassic,trueclassic_trueclassic_blotout_kpi_set1_d,2023-09-22 12:58:33.167354,trueclassic_blotout_kpi_set1,d
2023-07-10,4008.0,False,3843.671265238803,3843.671265238803,3843.671265238803,0.0,0.0,0.0,0.0,0.0,0.0,0.0,0.0,0.0,0.0,0.0,0.0,0.0,0.0,0.0,0.0,0.0,0.0,0.0,0.0,0.0,0.0,0.0,0.0,0.0,0.0,0.0,0.0,0.0,0.0,0.0,0.0,0.0,0.0,0.0,0.0,0.0,0.0,0.0,3.283597900349834,3.283597900349834,3.283597900349834,0.0,0.0,0.0,3.283597900349834,3.283597900349834,3.283597900349834,0.0,0.0,0.0,4071.641942395376,3606.147437703082,4537.136447087669,269.0719680302274,0.0,0,ff8811ca-f4c9-4b3f-85c4-9e1d8a86593a,total_orders,,,7e2ba566-7fa7-4af2-9193-de1705cef021,trueclassic,trueclassic_trueclassic_blotout_kpi_set1_d,2023-09-22 12:58:33.167354,trueclassic_blotout_kpi_set1,d
2023-07-11,3960.0,False,3911.724870187695,3911.724870187695,3911.724870187695,0.0,0.0,0.0,0.0,0.0,0.0,0.0,0.0,0.0,0.0,0.0,0.0,0.0,0.0,0.0,0.0,0.0,0.0,0.0,0.0,0.0,0.0,0.0,0.0,0.0,0.0,0.0,0.0,0.0,0.0,0.0,0.0,0.0,0.0,0.0,0.0,0.0,0.0,0.0,10.039067788192709,10.039067788192709,10.039067788192709,0.0,0.0,0.0,10.039067788192709,10.039067788192709,10.039067788192709,0.0,0.0,0.0,3525.430385822787,3082.062280808487,3968.798490837087,256.282141626763,0.0,0,ff8811ca-f4c9-4b3f-85c4-9e1d8a86593a,total_orders,,,7e2ba566-7fa7-4af2-9193-de1705cef021,trueclassic,trueclassic_trueclassic_blotout_kpi_set1_d,2023-09-22 12:58:33.167354,trueclassic_blotout_kpi_set1,d
2023-07-12,3722.0,False,3980.3756570499577,3980.3756570499577,3980.3756570499577,0.0,0.0,0.0,0.0,0.0,0.0,0.0,0.0,0.0,0.0,0.0,0.0,0.0,0.0,0.0,0.0,0.0,0.0,0.0,0.0,0.0,0.0,0.0,0.0,0.0,0.0,0.0,0.0,0.0,0.0,0.0,0.0,0.0,0.0,0.0,0.0,0.0,0.0,0.0,24.648019372589737,24.648019372589737,24.648019372589737,0.0,0.0,0.0,24.648019372589737,24.648019372589737,24.648019372589737,0.0,0.0,0.0,3378.578542974607,2947.3741381591635,3809.7829477900505,249.2511010493893,0.0,0,ff8811ca-f4c9-4b3f-85c4-9e1d8a86593a,total_orders,,,7e2ba566-7fa7-4af2-9193-de1705cef021,trueclassic,trueclassic_trueclassic_blotout_kpi_set1_d,2023-09-22 12:58:33.167354,trueclassic_blotout_kpi_set1,d
2023-07-13,3319.0,False,3805.389958675309,3805.389958675309,3805.389958675309,0.0,0.0,0.0,0.0,0.0,0.0,0.0,0.0,0.0,0.0,0.0,0.0,0.0,0.0,0.0,0.0,0.0,0.0,0.0,0.0,0.0,0.0,0.0,0.0,0.0,0.0,0.0,0.0,0.0,0.0,0.0,0.0,0.0,0.0,0.0,0.0,0.0,0.0,0.0,15.415194431286684,15.415194431286684,15.415194431286684,0.0,0.0,0.0,15.415194431286684,15.415194431286684,15.415194431286684,0.0,0.0,0.0,3336.405210497822,2929.6156123052097,3743.194808690434,235.13849606509365,0.0,0,ff8811ca-f4c9-4b3f-85c4-9e1d8a86593a,total_orders,,,7e2ba566-7fa7-4af2-9193-de1705cef021,trueclassic,trueclassic_trueclassic_blotout_kpi_set1_d,2023-09-22 12:58:33.167354,trueclassic_blotout_kpi_set1,d
2023-07-14,3108.0,False,3634.337574490588,3634.337574490588,3634.337574490588,0.0,0.0,0.0,0.0,0.0,0.0,0.0,0.0,0.0,0.0,0.0,0.0,0.0,0.0,0.0,0.0,0.0,0.0,0.0,0.0,0.0,0.0,0.0,0.0,0.0,0.0,0.0,0.0,0.0,0.0,0.0,0.0,0.0,0.0,0.0,0.0,0.0,0.0,0.0,9.984625823101675,9.984625823101675,9.984625823101675,0.0,0.0,0.0,9.984625823101675,9.984625823101675,9.984625823101675,0.0,0.0,0.0,3263.33663210341,2849.3595683424605,3677.31369586436,239.2931004398552,0.0,0,ff8811ca-f4c9-4b3f-85c4-9e1d8a86593a,total_orders,,,7e2ba566-7fa7-4af2-9193-de1705cef021,trueclassic,trueclassic_trueclassic_blotout_kpi_set1_d,2023-09-22 12:58:33.167354,trueclassic_blotout_kpi_set1,d
2023-07-15,3410.0,False,3467.218504495797,3467.218504495797,3467.218504495797,0.0,0.0,0.0,0.0,0.0,0.0,0.0,0.0,0.0,0.0,0.0,0.0,0.0,0.0,0.0,0.0,0.0,0.0,0.0,0.0,0.0,0.0,0.0,0.0,0.0,0.0,0.0,0.0,0.0,0.0,0.0,0.0,0.0,0.0,0.0,0.0,0.0,0.0,0.0,8.899962572578632,8.899962572578632,8.899962572578632,0.0,0.0,0.0,8.899962572578632,8.899962572578632,8.899962572578632,0.0,0.0,0.0,3827.448027003002,3374.410261265171,4280.485792740834,261.87154088891987,0.0,0,ff8811ca-f4c9-4b3f-85c4-9e1d8a86593a,total_orders,,,7e2ba566-7fa7-4af2-9193-de1705cef021,trueclassic,trueclassic_trueclassic_blotout_kpi_set1_d,2023-09-22 12:58:33.167354,trueclassic_blotout_kpi_set1,d
2023-07-16,4811.0,False,3568.268067676756,3568.268067676756,3568.268067676756,0.0,0.0,0.0,0.0,0.0,0.0,0.0,0.0,0.0,0.0,0.0,0.0,0.0,0.0,0.0,0.0,0.0,0.0,0.0,0.0,0.0,0.0,0.0,0.0,0.0,0.0,0.0,0.0,0.0,0.0,0.0,0.0,0.0,0.0,0.0,0.0,0.0,0.0,0.0,108.65644246615814,108.65644246615814,108.65644246615814,0.0,0.0,0.0,108.65644246615814,108.65644246615814,108.65644246615814,0.0,0.0,0.0,4922.260310639067,4388.070312088106,5456.450309190028,308.78034598321426,0.0,0,ff8811ca-f4c9-4b3f-85c4-9e1d8a86593a,total_orders,,,7e2ba566-7fa7-4af2-9193-de1705cef021,trueclassic,trueclassic_trueclassic_blotout_kpi_set1_d,2023-09-22 12:58:33.167354,trueclassic_blotout_kpi_set1,d
2023-07-17,3864.0,False,3670.769064355472,3670.769064355472,3670.769064355472,0.0,0.0,0.0,0.0,0.0,0.0,0.0,0.0,0.0,0.0,0.0,0.0,0.0,0.0,0.0,0.0,0.0,0.0,0.0,0.0,0.0,0.0,0.0,0.0,0.0,0.0,0.0,0.0,0.0,0.0,0.0,0.0,0.0,0.0,0.0,0.0,0.0,0.0,0.0,3.283597900325185,3.283597900325185,3.283597900325185,0.0,0.0,0.0,3.283597900325185,3.283597900325185,3.283597900325185,0.0,0.0,0.0,3893.6279759164745,3418.486157737741,4368.769794095208,274.6484498142967,0.0,0,ff8811ca-f4c9-4b3f-85c4-9e1d8a86593a,total_orders,,,7e2ba566-7fa7-4af2-9193-de1705cef021,trueclassic,trueclassic_trueclassic_blotout_kpi_set1_d,2023-09-22 12:58:33.167354,trueclassic_blotout_kpi_set1,d
2023-07-18,3799.0,False,3774.7214945319406,3774.7214945319406,3774.7214945319406,0.0,0.0,0.0,0.0,0.0,0.0,0.0,0.0,0.0,0.0,0.0,0.0,0.0,0.0,0.0,0.0,0.0,0.0,0.0,0.0,0.0,0.0,0.0,0.0,0.0,0.0,0.0,0.0,0.0,0.0,0.0,0.0,0.0,0.0,0.0,0.0,0.0,0.0,0.0,10.03906778821526,10.03906778821526,10.03906778821526,0.0,0.0,0.0,10.03906778821526,10.03906778821526,10.03906778821526,0.0,0.0,0.0,3395.429418098482,2965.946837839009,3824.9119983579553,248.25582673958,0.0,0,ff8811ca-f4c9-4b3f-85c4-9e1d8a86593a,total_orders,,,7e2ba566-7fa7-4af2-9193-de1705cef021,trueclassic,trueclassic_trueclassic_blotout_kpi_set1_d,2023-09-22 12:58:33.167354,trueclassic_blotout_kpi_set1,d
2023-07-19,3626.0,False,3880.125358206168,3880.125358206168,3880.125358206168,0.0,0.0,0.0,0.0,0.0,0.0,0.0,0.0,0.0,0.0,0.0,0.0,0.0,0.0,0.0,0.0,0.0,0.0,0.0,0.0,0.0,0.0,0.0,0.0,0.0,0.0,0.0,0.0,0.0,0.0,0.0,0.0,0.0,0.0,0.0,0.0,0.0,0.0,0.0,24.648019372621413,24.648019372621413,24.648019372621413,0.0,0.0,0.0,24.648019372621413,24.648019372621413,24.648019372621413,0.0,0.0,0.0,3286.267419653515,2857.885661247285,3714.649178059745,247.6195135296128,0.0,0,ff8811ca-f4c9-4b3f-85c4-9e1d8a86593a,total_orders,,,7e2ba566-7fa7-4af2-9193-de1705cef021,trueclassic,trueclassic_trueclassic_blotout_kpi_set1_d,2023-09-22 12:58:33.167354,trueclassic_blotout_kpi_set1,d
2023-07-20,3231.0,False,3758.9375173267977,3758.9375173267977,3758.9375173267977,0.0,0.0,0.0,0.0,0.0,0.0,0.0,0.0,0.0,0.0,0.0,0.0,0.0,0.0,0.0,0.0,0.0,0.0,0.0,0.0,0.0,0.0,0.0,0.0,0.0,0.0,0.0,0.0,0.0,0.0,0.0,0.0,0.0,0.0,0.0,0.0,0.0,0.0,0.0,15.415194431380382,15.415194431380382,15.415194431380382,0.0,0.0,0.0,15.415194431380382,15.415194431380382,15.415194431380382,0.0,0.0,0.0,3292.918385250386,2868.2724470706885,3717.564323430084,245.46007987265767,0.0,0,ff8811ca-f4c9-4b3f-85c4-9e1d8a86593a,total_orders,,,7e2ba566-7fa7-4af2-9193-de1705cef021,trueclassic,trueclassic_trueclassic_blotout_kpi_set1_d,2023-09-22 12:58:33.167354,trueclassic_blotout_kpi_set1,d
2023-07-21,3212.0,False,3639.672349055808,3639.672349055808,3639.672349055808,0.0,0.0,0.0,0.0,0.0,0.0,0.0,0.0,0.0,0.0,0.0,0.0,0.0,0.0,0.0,0.0,0.0,0.0,0.0,0.0,0.0,0.0,0.0,0.0,0.0,0.0,0.0,0.0,0.0,0.0,0.0,0.0,0.0,0.0,0.0,0.0,0.0,0.0,0.0,9.9846258231263,9.9846258231263,9.9846258231263,0.0,0.0,0.0,9.9846258231263,9.9846258231263,9.9846258231263,0.0,0.0,0.0,3268.391888493614,2838.874815433379,3697.9089615538487,248.27576477470228,0.0,0,ff8811ca-f4c9-4b3f-85c4-9e1d8a86593a,total_orders,,,7e2ba566-7fa7-4af2-9193-de1705cef021,trueclassic,trueclassic_trueclassic_blotout_kpi_set1_d,2023-09-22 12:58:33.167354,trueclassic_blotout_kpi_set1,d
2023-07-22,3523.0,False,3522.3298533932,3522.3298533932,3522.3298533932,0.0,0.0,0.0,0.0,0.0,0.0,0.0,0.0,0.0,0.0,0.0,0.0,0.0,0.0,0.0,0.0,0.0,0.0,0.0,0.0,0.0,0.0,0.0,0.0,0.0,0.0,0.0,0.0,0.0,0.0,0.0,0.0,0.0,0.0,0.0,0.0,0.0,0.0,0.0,8.899962572570729,8.899962572570729,8.899962572570729,0.0,0.0,0.0,8.899962572570729,8.899962572570729,8.899962572570729,0.0,0.0,0.0,3885.340554935647,3427.295987932129,4343.385121939165,264.7656456667737,0.0,0,ff8811ca-f4c9-4b3f-85c4-9e1d8a86593a,total_orders,,,7e2ba566-7fa7-4af2-9193-de1705cef021,trueclassic,trueclassic_trueclassic_blotout_kpi_set1_d,2023-09-22 12:58:33.167354,trueclassic_blotout_kpi_set1,d
2023-07-23,4462.0,False,3406.9100303389764,3406.9100303389764,3406.9100303389764,0.0,0.0,0.0,0.0,0.0,0.0,0.0,0.0,0.0,0.0,0.0,0.0,0.0,0.0,0.0,0.0,0.0,0.0,0.0,0.0,0.0,0.0,0.0,0.0,0.0,0.0,0.0,0.0,0.0,0.0,0.0,0.0,0.0,0.0,0.0,0.0,0.0,0.0,0.0,108.6564424661434,108.6564424661434,108.6564424661434,0.0,0.0,0.0,108.6564424661434,108.6564424661434,108.6564424661434,0.0,0.0,0.0,4732.419337696934,4234.38951315649,5230.449162237379,287.878511295055,0.0,0,ff8811ca-f4c9-4b3f-85c4-9e1d8a86593a,total_orders,,,7e2ba566-7fa7-4af2-9193-de1705cef021,trueclassic,trueclassic_trueclassic_blotout_kpi_set1_d,2023-09-22 12:58:33.167354,trueclassic_blotout_kpi_set1,d
2023-07-24,3814.0,False,3461.7932546677034,3461.7932546677034,3461.7932546677034,0.0,0.0,0.0,0.0,0.0,0.0,0.0,0.0,0.0,0.0,0.0,0.0,0.0,0.0,0.0,0.0,0.0,0.0,0.0,0.0,0.0,0.0,0.0,0.0,0.0,0.0,0.0,0.0,0.0,0.0,0.0,0.0,0.0,0.0,0.0,0.0,0.0,0.0,0.0,3.28359790044035,3.28359790044035,3.28359790044035,0.0,0.0,0.0,3.28359790044035,3.28359790044035,3.28359790044035,0.0,0.0,0.0,3678.310405863917,3234.893402359679,4121.727409368156,256.31040664984886,0.0,0,ff8811ca-f4c9-4b3f-85c4-9e1d8a86593a,total_orders,,,7e2ba566-7fa7-4af2-9193-de1705cef021,trueclassic,trueclassic_trueclassic_blotout_kpi_set1_d,2023-09-22 12:58:33.167354,trueclassic_blotout_kpi_set1,d
2023-07-25,3287.0,False,3517.115021217219,3517.115021217219,3517.115021217219,0.0,0.0,0.0,0.0,0.0,0.0,0.0,0.0,0.0,0.0,0.0,0.0,0.0,0.0,0.0,0.0,0.0,0.0,0.0,0.0,0.0,0.0,0.0,0.0,0.0,0.0,0.0,0.0,0.0,0.0,0.0,0.0,0.0,0.0,0.0,0.0,0.0,0.0,0.0,10.039067788237798,10.039067788237798,10.039067788237798,0.0,0.0,0.0,10.039067788237798,10.039067788237798,10.039067788237798,0.0,0.0,0.0,3151.342667587592,2739.7698467796567,3562.9154883955266,237.90336462886413,0.0,0,ff8811ca-f4c9-4b3f-85c4-9e1d8a86593a,total_orders,,,7e2ba566-7fa7-4af2-9193-de1705cef021,trueclassic,trueclassic_trueclassic_blotout_kpi_set1_d,2023-09-22 12:58:33.167354,trueclassic_blotout_kpi_set1,d
2023-07-26,3059.0,False,3572.875329987523,3572.875329987523,3572.875329987523,0.0,0.0,0.0,0.0,0.0,0.0,0.0,0.0,0.0,0.0,0.0,0.0,0.0,0.0,0.0,0.0,0.0,0.0,0.0,0.0,0.0,0.0,0.0,0.0,0.0,0.0,0.0,0.0,0.0,0.0,0.0,0.0,0.0,0.0,0.0,0.0,0.0,0.0,0.0,24.648019372593165,24.648019372593165,24.648019372593165,0.0,0.0,0.0,24.648019372593165,24.648019372593165,24.648019372593165,0.0,0.0,0.0,3004.010753539631,2609.718609619036,3398.3028974602257,227.91453405814727,0.0,0,ff8811ca-f4c9-4b3f-85c4-9e1d8a86593a,total_orders,,,7e2ba566-7fa7-4af2-9193-de1705cef021,trueclassic,trueclassic_trueclassic_blotout_kpi_set1_d,2023-09-22 12:58:33.167354,trueclassic_blotout_kpi_set1,d
2023-07-27,3067.0,False,3629.074200674117,3629.074200674117,3629.074200674117,0.0,0.0,0.0,0.0,0.0,0.0,0.0,0.0,0.0,0.0,0.0,0.0,0.0,0.0,0.0,0.0,0.0,0.0,0.0,0.0,0.0,0.0,0.0,0.0,0.0,0.0,0.0,0.0,0.0,0.0,0.0,0.0,0.0,0.0,0.0,0.0,0.0,0.0,0.0,15.415194431331432,15.415194431331432,15.415194431331432,0.0,0.0,0.0,15.415194431331432,15.415194431331432,15.415194431331432,0.0,0.0,0.0,3171.444431453492,2754.1304140568154,3588.758448850169,241.2219753738016,0.0,0,ff8811ca-f4c9-4b3f-85c4-9e1d8a86593a,total_orders,,,7e2ba566-7fa7-4af2-9193-de1705cef021,trueclassic,trueclassic_trueclassic_blotout_kpi_set1_d,2023-09-22 12:58:33.167354,trueclassic_blotout_kpi_set1,d
2023-07-28,3256.0,False,3685.7116138876872,3685.7116138876872,3685.7116138876872,0.0,0.0,0.0,0.0,0.0,0.0,0.0,0.0,0.0,0.0,0.0,0.0,0.0,0.0,0.0,0.0,0.0,0.0,0.0,0.0,0.0,0.0,0.0,0.0,0.0,0.0,0.0,0.0,0.0,0.0,0.0,0.0,0.0,0.0,0.0,0.0,0.0,0.0,0.0,9.984625823096044,9.984625823096044,9.984625823096044,0.0,0.0,0.0,9.984625823096044,9.984625823096044,9.984625823096044,0.0,0.0,0.0,3312.027364994535,2880.392103981233,3743.662626007837,249.50015087474085,0.0,0,ff8811ca-f4c9-4b3f-85c4-9e1d8a86593a,total_orders,,,7e2ba566-7fa7-4af2-9193-de1705cef021,trueclassic,trueclassic_trueclassic_blotout_kpi_set1_d,2023-09-22 12:58:33.167354,trueclassic_blotout_kpi_set1,d
2023-07-29,4258.0,False,3742.787569628235,3742.787569628236,3742.787569628236,0.0,0.0,0.0,0.0,0.0,0.0,0.0,0.0,0.0,0.0,0.0,0.0,0.0,0.0,0.0,0.0,0.0,0.0,0.0,0.0,0.0,0.0,0.0,0.0,0.0,0.0,0.0,0.0,0.0,0.0,0.0,0.0,0.0,0.0,0.0,0.0,0.0,0.0,0.0,8.899962572641188,8.899962572641188,8.899962572641188,0.0,0.0,0.0,8.899962572641188,8.899962572641188,8.899962572641188,0.0,0.0,0.0,4116.711746669112,3637.6252256382313,4595.798267699992,276.9286248733413,0.0,0,ff8811ca-f4c9-4b3f-85c4-9e1d8a86593a,total_orders,,,7e2ba566-7fa7-4af2-9193-de1705cef021,trueclassic,trueclassic_trueclassic_blotout_kpi_set1_d,2023-09-22 12:58:33.167354,trueclassic_blotout_kpi_set1,d
2023-07-30,5016.0,False,3800.302067895759,3800.302067895759,3800.302067895759,0.0,0.0,0.0,0.0,0.0,0.0,0.0,0.0,0.0,0.0,0.0,0.0,0.0,0.0,0.0,0.0,0.0,0.0,0.0,0.0,0.0,0.0,0.0,0.0,0.0,0.0,0.0,0.0,0.0,0.0,0.0,0.0,0.0,0.0,0.0,0.0,0.0,0.0,0.0,108.65644246615037,108.65644246615037,108.65644246615037,0.0,0.0,0.0,108.65644246615037,108.65644246615037,108.65644246615037,0.0,0.0,0.0,5194.146905881114,4652.5641198170615,5735.729691945167,313.0536335630366,0.0,0,ff8811ca-f4c9-4b3f-85c4-9e1d8a86593a,total_orders,,,7e2ba566-7fa7-4af2-9193-de1705cef021,trueclassic,trueclassic_trueclassic_blotout_kpi_set1_d,2023-09-22 12:58:33.167354,trueclassic_blotout_kpi_set1,d
2023-07-31,4031.0,False,3729.8505791004063,3729.8505791004063,3729.8505791004063,0.0,0.0,0.0,0.0,0.0,0.0,0.0,0.0,0.0,0.0,0.0,0.0,0.0,0.0,0.0,0.0,0.0,0.0,0.0,0.0,0.0,0.0,0.0,0.0,0.0,0.0,0.0,0.0,0.0,0.0,0.0,0.0,0.0,0.0,0.0,0.0,0.0,0.0,0.0,3.283597900415705,3.283597900415705,3.283597900415705,0.0,0.0,0.0,3.283597900415705,3.283597900415705,3.283597900415705,0.0,0.0,0.0,3954.469483993614,3472.625868420186,4436.313099567042,278.52232114070966,0.0,0,ff8811ca-f4c9-4b3f-85c4-9e1d8a86593a,total_orders,,,7e2ba566-7fa7-4af2-9193-de1705cef021,trueclassic,trueclassic_trueclassic_blotout_kpi_set1_d,2023-09-22 12:58:33.167354,trueclassic_blotout_kpi_set1,d
2023-08-01,3586.0,False,3660.0582430642,3660.0582430642,3660.0582430642,0.0,0.0,0.0,0.0,0.0,0.0,0.0,0.0,0.0,0.0,0.0,0.0,0.0,0.0,0.0,0.0,0.0,0.0,0.0,0.0,0.0,0.0,0.0,0.0,0.0,0.0,0.0,0.0,0.0,0.0,0.0,0.0,0.0,0.0,0.0,0.0,0.0,0.0,0.0,10.039067788230176,10.039067788230176,10.039067788230176,0.0,0.0,0.0,10.039067788230176,10.039067788230176,10.039067788230176,0.0,0.0,0.0,3286.725048887679,2853.7385704461835,3719.7115273291743,250.28120141126897,0.0,0,ff8811ca-f4c9-4b3f-85c4-9e1d8a86593a,total_orders,,,7e2ba566-7fa7-4af2-9193-de1705cef021,trueclassic,trueclassic_trueclassic_blotout_kpi_set1_d,2023-09-22 12:58:33.167354,trueclassic_blotout_kpi_set1,d
2023-08-02,3012.0,False,3590.925059787141,3590.925059787141,3590.925059787141,0.0,0.0,0.0,0.0,0.0,0.0,0.0,0.0,0.0,0.0,0.0,0.0,0.0,0.0,0.0,0.0,0.0,0.0,0.0,0.0,0.0,0.0,0.0,0.0,0.0,0.0,0.0,0.0,0.0,0.0,0.0,0.0,0.0,0.0,0.0,0.0,0.0,0.0,0.0,24.648019372564928,24.648019372564928,24.648019372564928,0.0,0.0,0.0,24.648019372564928,24.648019372564928,24.648019372564928,0.0,0.0,0.0,3020.5631954130163,2603.3508262327173,3437.775564593316,241.1632191793637,0.0,0,ff8811ca-f4c9-4b3f-85c4-9e1d8a86593a,total_orders,,,7e2ba566-7fa7-4af2-9193-de1705cef021,trueclassic,trueclassic_trueclassic_blotout_kpi_set1_d,2023-09-22 12:58:33.167354,trueclassic_blotout_kpi_set1,d
2023-08-03,3238.0,False,3522.4510292692294,3522.4510292692294,3522.4510292692294,0.0,0.0,0.0,0.0,0.0,0.0,0.0,0.0,0.0,0.0,0.0,0.0,0.0,0.0,0.0,0.0,0.0,0.0,0.0,0.0,0.0,0.0,0.0,0.0,0.0,0.0,0.0,0.0,0.0,0.0,0.0,0.0,0.0,0.0,0.0,0.0,0.0,0.0,0.0,15.415194431282472,15.415194431282472,15.415194431282472,0.0,0.0,0.0,15.415194431282472,15.415194431282472,15.415194431282472,0.0,0.0,0.0,3071.822159299488,2656.031289648592,3487.6130289503844,240.3415431508072,0.0,0,ff8811ca-f4c9-4b3f-85c4-9e1d8a86593a,total_orders,,,7e2ba566-7fa7-4af2-9193-de1705cef021,trueclassic,trueclassic_trueclassic_blotout_kpi_set1_d,2023-09-22 12:58:33.167354,trueclassic_blotout_kpi_set1,d
2023-08-04,3058.0,False,3454.612157265553,3454.612157265553,3454.612157265553,0.0,0.0,0.0,0.0,0.0,0.0,0.0,0.0,0.0,0.0,0.0,0.0,0.0,0.0,0.0,0.0,0.0,0.0,0.0,0.0,0.0,0.0,0.0,0.0,0.0,0.0,0.0,0.0,0.0,0.0,0.0,0.0,0.0,0.0,0.0,0.0,0.0,0.0,0.0,9.984625823163636,9.984625823163636,9.984625823163636,0.0,0.0,0.0,9.984625823163636,9.984625823163636,9.984625823163636,0.0,0.0,0.0,3093.150906792055,2663.3288616759696,3522.9729519081407,248.4520492000496,0.0,0,ff8811ca-f4c9-4b3f-85c4-9e1d8a86593a,total_orders,,,7e2ba566-7fa7-4af2-9193-de1705cef021,trueclassic,trueclassic_trueclassic_blotout_kpi_set1_d,2023-09-22 12:58:33.167354,trueclassic_blotout_kpi_set1,d
2023-08-05,3534.0,False,3387.432906825684,3387.432906825684,3387.432906825684,0.0,0.0,0.0,0.0,0.0,0.0,0.0,0.0,0.0,0.0,0.0,0.0,0.0,0.0,0.0,0.0,0.0,0.0,0.0,0.0,0.0,0.0,0.0,0.0,0.0,0.0,0.0,0.0,0.0,0.0,0.0,0.0,0.0,0.0,0.0,0.0,0.0,0.0,0.0,8.899962572672457,8.899962572672457,8.899962572672457,0.0,0.0,0.0,8.899962572672457,8.899962572672457,8.899962572672457,0.0,0.0,0.0,3743.5966082953946,3292.437986101373,4194.755230489416,260.7853307479893,0.0,0,ff8811ca-f4c9-4b3f-85c4-9e1d8a86593a,total_orders,,,7e2ba566-7fa7-4af2-9193-de1705cef021,trueclassic,trueclassic_trueclassic_blotout_kpi_set1_d,2023-09-22 12:58:33.167354,trueclassic_blotout_kpi_set1,d
2023-08-06,4516.0,False,3320.9132779496204,3320.9132779496194,3320.9132779496194,0.0,0.0,0.0,0.0,0.0,0.0,0.0,0.0,0.0,0.0,0.0,0.0,0.0,0.0,0.0,0.0,0.0,0.0,0.0,0.0,0.0,0.0,0.0,0.0,0.0,0.0,0.0,0.0,0.0,0.0,0.0,0.0,0.0,0.0,0.0,0.0,0.0,0.0,0.0,108.65644246615732,108.65644246615732,108.65644246615732,0.0,0.0,0.0,108.65644246615732,108.65644246615732,108.65644246615732,0.0,0.0,0.0,4630.966611573118,4133.14785165482,5128.785371491415,287.7565086232934,0.0,0,ff8811ca-f4c9-4b3f-85c4-9e1d8a86593a,total_orders,,,7e2ba566-7fa7-4af2-9193-de1705cef021,trueclassic,trueclassic_trueclassic_blotout_kpi_set1_d,2023-09-22 12:58:33.167354,trueclassic_blotout_kpi_set1,d
2023-08-07,3372.0,False,3307.5243327913854,3307.5243327913854,3307.5243327913854,0.0,0.0,0.0,0.0,0.0,0.0,0.0,0.0,0.0,0.0,0.0,0.0,0.0,0.0,0.0,0.0,0.0,0.0,0.0,0.0,0.0,0.0,0.0,0.0,0.0,0.0,0.0,0.0,0.0,0.0,0.0,0.0,0.0,0.0,0.0,0.0,0.0,0.0,0.0,3.283597900387808,3.283597900387808,3.283597900387808,0.0,0.0,0.0,3.283597900387808,3.283597900387808,3.283597900387808,0.0,0.0,0.0,3519.2361433179467,3068.307440437473,3970.164846198421,260.6524294106784,0.0,0,ff8811ca-f4c9-4b3f-85c4-9e1d8a86593a,total_orders,,,7e2ba566-7fa7-4af2-9193-de1705cef021,trueclassic,trueclassic_trueclassic_blotout_kpi_set1_d,2023-09-22 12:58:33.167354,trueclassic_blotout_kpi_set1,d
2023-08-08,3013.0,False,3294.162432322385,3294.162432322385,3294.162432322385,0.0,0.0,0.0,0.0,0.0,0.0,0.0,0.0,0.0,0.0,0.0,0.0,0.0,0.0,0.0,0.0,0.0,0.0,0.0,0.0,0.0,0.0,0.0,0.0,0.0,0.0,0.0,0.0,0.0,0.0,0.0,0.0,0.0,0.0,0.0,0.0,0.0,0.0,0.0,10.039067788282887,10.039067788282887,10.039067788282887,0.0,0.0,0.0,10.039067788282887,10.039067788282887,10.039067788282887,0.0,0.0,0.0,2940.4965649574624,2525.410102775884,3355.583027139041,239.9343712032245,0.0,0,ff8811ca-f4c9-4b3f-85c4-9e1d8a86593a,total_orders,,,7e2ba566-7fa7-4af2-9193-de1705cef021,trueclassic,trueclassic_trueclassic_blotout_kpi_set1_d,2023-09-22 12:58:33.167354,trueclassic_blotout_kpi_set1,d
2023-08-09,2759.0,False,3280.827576542621,3280.827576542621,3280.827576542621,0.0,0.0,0.0,0.0,0.0,0.0,0.0,0.0,0.0,0.0,0.0,0.0,0.0,0.0,0.0,0.0,0.0,0.0,0.0,0.0,0.0,0.0,0.0,0.0,0.0,0.0,0.0,0.0,0.0,0.0,0.0,0.0,0.0,0.0,0.0,0.0,0.0,0.0,0.0,24.648019372672863,24.648019372672863,24.648019372672863,0.0,0.0,0.0,24.648019372672863,24.648019372672863,24.648019372672863,0.0,0.0,0.0,2736.736985778715,2358.540819995711,3114.9331515617187,218.6105004526035,0.0,0,ff8811ca-f4c9-4b3f-85c4-9e1d8a86593a,total_orders,,,7e2ba566-7fa7-4af2-9193-de1705cef021,trueclassic,trueclassic_trueclassic_blotout_kpi_set1_d,2023-09-22 12:58:33.167354,trueclassic_blotout_kpi_set1,d
2023-08-10,2863.0,False,3267.519765452093,3267.519765452093,3267.519765452093,0.0,0.0,0.0,0.0,0.0,0.0,0.0,0.0,0.0,0.0,0.0,0.0,0.0,0.0,0.0,0.0,0.0,0.0,0.0,0.0,0.0,0.0,0.0,0.0,0.0,0.0,0.0,0.0,0.0,0.0,0.0,0.0,0.0,0.0,0.0,0.0,0.0,0.0,0.0,15.41519443137617,15.41519443137617,15.41519443137617,0.0,0.0,0.0,15.41519443137617,15.41519443137617,15.41519443137617,0.0,0.0,0.0,2834.072163506631,2439.3039214454907,3228.8404055677715,228.18973529545696,0.0,0,ff8811ca-f4c9-4b3f-85c4-9e1d8a86593a,total_orders,,,7e2ba566-7fa7-4af2-9193-de1705cef021,trueclassic,trueclassic_trueclassic_blotout_kpi_set1_d,2023-09-22 12:58:33.167354,trueclassic_blotout_kpi_set1,d
2023-08-11,3273.0,False,3254.269650389,3254.269650389,3254.269650389,0.0,0.0,0.0,0.0,0.0,0.0,0.0,0.0,0.0,0.0,0.0,0.0,0.0,0.0,0.0,0.0,0.0,0.0,0.0,0.0,0.0,0.0,0.0,0.0,0.0,0.0,0.0,0.0,0.0,0.0,0.0,0.0,0.0,0.0,0.0,0.0,0.0,0.0,0.0,9.984625823133374,9.984625823133374,9.984625823133374,0.0,0.0,0.0,9.984625823133374,9.984625823133374,9.984625823133374,0.0,0.0,0.0,2903.739839404323,2516.338806637141,3291.140872171505,223.93123281340004,0.0,0,ff8811ca-f4c9-4b3f-85c4-9e1d8a86593a,total_orders,,,7e2ba566-7fa7-4af2-9193-de1705cef021,trueclassic,trueclassic_trueclassic_blotout_kpi_set1_d,2023-09-22 12:58:33.167354,trueclassic_blotout_kpi_set1,d
2023-08-12,3156.0,False,3241.046455196998,3241.046455196998,3241.046455196998,0.0,0.0,0.0,0.0,0.0,0.0,0.0,0.0,0.0,0.0,0.0,0.0,0.0,0.0,0.0,0.0,0.0,0.0,0.0,0.0,0.0,0.0,0.0,0.0,0.0,0.0,0.0,0.0,0.0,0.0,0.0,0.0,0.0,0.0,0.0,0.0,0.0,0.0,0.0,8.89996257270373,8.89996257270373,8.89996257270373,0.0,0.0,0.0,8.89996257270373,8.89996257270373,8.89996257270373,0.0,0.0,0.0,3589.6238656383966,3143.415984788803,4035.83174648799,257.92363054889785,0.0,0,ff8811ca-f4c9-4b3f-85c4-9e1d8a86593a,total_orders,,,7e2ba566-7fa7-4af2-9193-de1705cef021,trueclassic,trueclassic_trueclassic_blotout_kpi_set1_d,2023-09-22 12:58:33.167354,trueclassic_blotout_kpi_set1,d
2023-08-13,4414.0,False,3227.8501798760867,3227.8501798760867,3227.8501798760867,0.0,0.0,0.0,0.0,0.0,0.0,0.0,0.0,0.0,0.0,0.0,0.0,0.0,0.0,0.0,0.0,0.0,0.0,0.0,0.0,0.0,0.0,0.0,0.0,0.0,0.0,0.0,0.0,0.0,0.0,0.0,0.0,0.0,0.0,0.0,0.0,0.0,0.0,0.0,108.65644246616428,108.65644246616428,108.65644246616428,0.0,0.0,0.0,108.65644246616428,108.65644246616428,108.65644246616428,0.0,0.0,0.0,4520.950318528953,4043.8273433457457,4998.073293712161,275.7936272735303,0.0,0,ff8811ca-f4c9-4b3f-85c4-9e1d8a86593a,total_orders,,,7e2ba566-7fa7-4af2-9193-de1705cef021,trueclassic,trueclassic_trueclassic_blotout_kpi_set1_d,2023-09-22 12:58:33.167354,trueclassic_blotout_kpi_set1,d
2023-08-14,3421.0,False,3214.680824426266,3214.6808244262656,3214.6808244262656,0.0,0.0,0.0,0.0,0.0,0.0,0.0,0.0,0.0,0.0,0.0,0.0,0.0,0.0,0.0,0.0,0.0,0.0,0.0,0.0,0.0,0.0,0.0,0.0,0.0,0.0,0.0,0.0,0.0,0.0,0.0,0.0,0.0,0.0,0.0,0.0,0.0,0.0,0.0,3.2835979003664097,3.2835979003664097,3.2835979003664097,0.0,0.0,0.0,3.2835979003664097,3.2835979003664097,3.2835979003664097,0.0,0.0,0.0,3423.4464819370446,2977.7914277729105,3869.101536101178,257.6040775515227,0.0,0,ff8811ca-f4c9-4b3f-85c4-9e1d8a86593a,total_orders,,,7e2ba566-7fa7-4af2-9193-de1705cef021,trueclassic,trueclassic_trueclassic_blotout_kpi_set1_d,2023-09-22 12:58:33.167354,trueclassic_blotout_kpi_set1,d
2023-08-15,2923.0,False,3386.8131770734144,3386.8131770734144,3386.8131770734144,0.0,0.0,0.0,0.0,0.0,0.0,0.0,0.0,0.0,0.0,0.0,0.0,0.0,0.0,0.0,0.0,0.0,0.0,0.0,0.0,0.0,0.0,0.0,0.0,0.0,0.0,0.0,0.0,0.0,0.0,0.0,0.0,0.0,0.0,0.0,0.0,0.0,0.0,0.0,10.039067788188923,10.039067788188923,10.039067788188923,0.0,0.0,0.0,10.039067788188923,10.039067788188923,10.039067788188923,0.0,0.0,0.0,3028.068041997264,2627.922233076684,3428.2138509178444,231.29815544542203,0.0,0,ff8811ca-f4c9-4b3f-85c4-9e1d8a86593a,total_orders,,,7e2ba566-7fa7-4af2-9193-de1705cef021,trueclassic,trueclassic_trueclassic_blotout_kpi_set1_d,2023-09-22 12:58:33.167354,trueclassic_blotout_kpi_set1,d
2023-08-16,2801.0,False,3563.4346021583983,3563.4346021583983,3563.4346021583983,0.0,0.0,0.0,0.0,0.0,0.0,0.0,0.0,0.0,0.0,0.0,0.0,0.0,0.0,0.0,0.0,0.0,0.0,0.0,0.0,0.0,0.0,0.0,0.0,0.0,0.0,0.0,0.0,0.0,0.0,0.0,0.0,0.0,0.0,0.0,0.0,0.0,0.0,0.0,24.648019372644622,24.648019372644622,24.648019372644622,0.0,0.0,0.0,24.648019372644622,24.648019372644622,24.648019372644622,0.0,0.0,0.0,2995.3546734565407,2592.663076188653,3398.0462707244283,232.76970940340323,0.0,0,ff8811ca-f4c9-4b3f-85c4-9e1d8a86593a,total_orders,,,7e2ba566-7fa7-4af2-9193-de1705cef021,trueclassic,trueclassic_trueclassic_blotout_kpi_set1_d,2023-09-22 12:58:33.167354,trueclassic_blotout_kpi_set1,d
2023-08-17,2811.0,True,3744.5450996812174,3744.5450996812174,3744.5450996812174,0.0,0.0,0.0,0.0,0.0,0.0,0.0,0.0,0.0,0.0,0.0,0.0,0.0,0.0,0.0,0.0,0.0,0.0,0.0,0.0,0.0,0.0,0.0,0.0,0.0,0.0,0.0,0.0,0.0,0.0,0.0,0.0,0.0,0.0,0.0,0.0,0.0,0.0,0.0,15.41519443132722,15.41519443132722,15.41519443132722,0.0,0.0,0.0,15.41519443132722,15.41519443132722,15.41519443132722,0.0,0.0,0.0,3279.448522067533,2852.7159612450973,3706.181082889968,246.6662201285755,-1.8991190679589312,low,ff8811ca-f4c9-4b3f-85c4-9e1d8a86593a,total_orders,,,7e2ba566-7fa7-4af2-9193-de1705cef021,trueclassic,trueclassic_trueclassic_blotout_kpi_set1_d,2023-09-22 12:58:33.167354,trueclassic_blotout_kpi_set1,d
2023-08-18,4017.0,True,3916.496193291139,3916.496193291139,3916.496193291139,0.0,0.0,0.0,0.0,0.0,0.0,0.0,0.0,0.0,0.0,0.0,0.0,0.0,0.0,0.0,0.0,0.0,0.0,0.0,0.0,0.0,0.0,0.0,0.0,0.0,0.0,0.0,0.0,0.0,0.0,0.0,0.0,0.0,0.0,0.0,0.0,0.0,0.0,0.0,9.984625823157993,9.984625823157993,9.984625823157993,0.0,0.0,0.0,9.984625823157993,9.984625823157993,9.984625823157993,0.0,0.0,0.0,3530.982404311736,3091.3940877262685,3970.570720897204,254.0972928239698,1.9127224469288653,low,ff8811ca-f4c9-4b3f-85c4-9e1d8a86593a,total_orders,,,7e2ba566-7fa7-4af2-9193-de1705cef021,trueclassic,trueclassic_trueclassic_blotout_kpi_set1_d,2023-09-22 12:58:33.167354,trueclassic_blotout_kpi_set1,d
2023-08-19,5438.0,True,4092.307193431044,4092.307193431044,4092.307193431044,0.0,0.0,0.0,0.0,0.0,0.0,0.0,0.0,0.0,0.0,0.0,0.0,0.0,0.0,0.0,0.0,0.0,0.0,0.0,0.0,0.0,0.0,0.0,0.0,0.0,0.0,0.0,0.0,0.0,0.0,0.0,0.0,0.0,0.0,0.0,0.0,0.0,0.0,0.0,8.899962572735003,8.899962572735003,8.899962572735003,0.0,0.0,0.0,8.899962572735003,8.899962572735003,8.899962572735003,0.0,0.0,0.0,4482.894886263323,3998.744539845298,4967.045232681348,279.85569157111286,3.4128486305735155,low,ff8811ca-f4c9-4b3f-85c4-9e1d8a86593a,total_orders,,,7e2ba566-7fa7-4af2-9193-de1705cef021,trueclassic,trueclassic_trueclassic_blotout_kpi_set1_d,2023-09-22 12:58:33.167354,trueclassic_blotout_kpi_set1,d
2023-08-20,6937.0,True,4271.978100100936,4271.978100100936,4271.978100100936,0.0,0.0,0.0,0.0,0.0,0.0,0.0,0.0,0.0,0.0,0.0,0.0,0.0,0.0,0.0,0.0,0.0,0.0,0.0,0.0,0.0,0.0,0.0,0.0,0.0,0.0,0.0,0.0,0.0,0.0,0.0,0.0,0.0,0.0,0.0,0.0,0.0,0.0,0.0,108.65644246614958,108.65644246614958,108.65644246614958,0.0,0.0,0.0,108.65644246614958,108.65644246614958,108.65644246614958,0.0,0.0,0.0,5743.246655606256,5183.78240825202,6302.710902960493,323.38973835504964,3.6913766975596536,low,ff8811ca-f4c9-4b3f-85c4-9e1d8a86593a,total_orders,,,7e2ba566-7fa7-4af2-9193-de1705cef021,trueclassic,trueclassic_trueclassic_blotout_kpi_set1_d,2023-09-22 12:58:33.167354,trueclassic_blotout_kpi_set1,d
2023-08-21,4365.0,False,4455.50891330082,4455.50891330082,4455.50891330082,0.0,0.0,0.0,0.0,0.0,0.0,0.0,0.0,0.0,0.0,0.0,0.0,0.0,0.0,0.0,0.0,0.0,0.0,0.0,0.0,0.0,0.0,0.0,0.0,0.0,0.0,0.0,0.0,0.0,0.0,0.0,0.0,0.0,0.0,0.0,0.0,0.0,0.0,0.0,3.283597900338515,3.283597900338515,3.283597900338515,0.0,0.0,0.0,3.283597900338515,3.283597900338515,3.283597900338515,0.0,0.0,0.0,4700.702409408355,4203.306005932208,5198.098812884503,287.5123719515304,0.0,0,ff8811ca-f4c9-4b3f-85c4-9e1d8a86593a,total_orders,,,7e2ba566-7fa7-4af2-9193-de1705cef021,trueclassic,trueclassic_trueclassic_blotout_kpi_set1_d,2023-09-22 12:58:33.167354,trueclassic_blotout_kpi_set1,d
2023-08-22,2895.0,True,4062.658905698705,4062.658905698705,4062.658905698705,0.0,0.0,0.0,0.0,0.0,0.0,0.0,0.0,0.0,0.0,0.0,0.0,0.0,0.0,0.0,0.0,0.0,0.0,0.0,0.0,0.0,0.0,0.0,0.0,0.0,0.0,0.0,0.0,0.0,0.0,0.0,0.0,0.0,0.0,0.0,0.0,0.0,0.0,0.0,10.039067788211469,10.039067788211469,10.039067788211469,0.0,0.0,0.0,10.039067788211469,10.039067788211469,10.039067788211469,0.0,0.0,0.0,3668.790517974194,3232.790334646814,4104.790701301576,252.02322735686744,-3.0703142963822896,low,ff8811ca-f4c9-4b3f-85c4-9e1d8a86593a,total_orders,,,7e2ba566-7fa7-4af2-9193-de1705cef021,trueclassic,trueclassic_trueclassic_blotout_kpi_set1_d,2023-09-22 12:58:33.167354,trueclassic_blotout_kpi_set1,d
2023-08-23,3051.0,False,3687.9364207662006,3687.9364207662006,3687.9364207662006,0.0,0.0,0.0,0.0,0.0,0.0,0.0,0.0,0.0,0.0,0.0,0.0,0.0,0.0,0.0,0.0,0.0,0.0,0.0,0.0,0.0,0.0,0.0,0.0,0.0,0.0,0.0,0.0,0.0,0.0,0.0,0.0,0.0,0.0,0.0,0.0,0.0,0.0,0.0,24.64801937261638,24.64801937261638,24.64801937261638,0.0,0.0,0.0,24.64801937261638,24.64801937261638,24.64801937261638,0.0,0.0,0.0,3109.5908138241675,2713.68489031367,3505.496737334665,228.8473546303454,0.0,0,ff8811ca-f4c9-4b3f-85c4-9e1d8a86593a,total_orders,,,7e2ba566-7fa7-4af2-9193-de1705cef021,trueclassic,trueclassic_trueclassic_blotout_kpi_set1_d,2023-09-22 12:58:33.167354,trueclassic_blotout_kpi_set1,d
2023-08-24,2753.0,False,3331.3414585033174,3331.3414585033174,3331.3414585033174,0.0,0.0,0.0,0.0,0.0,0.0,0.0,0.0,0.0,0.0,0.0,0.0,0.0,0.0,0.0,0.0,0.0,0.0,0.0,0.0,0.0,0.0,0.0,0.0,0.0,0.0,0.0,0.0,0.0,0.0,0.0,0.0,0.0,0.0,0.0,0.0,0.0,0.0,0.0,15.415194431349594,15.415194431349594,15.415194431349594,0.0,0.0,0.0,15.415194431349594,15.415194431349594,15.415194431349594,0.0,0.0,0.0,2893.531427246403,2493.972401899573,3293.090452593233,230.9589741889192,0.0,0,ff8811ca-f4c9-4b3f-85c4-9e1d8a86593a,total_orders,,,7e2ba566-7fa7-4af2-9193-de1705cef021,trueclassic,trueclassic_trueclassic_blotout_kpi_set1_d,2023-09-22 12:58:33.167354,trueclassic_blotout_kpi_set1,d
2023-08-25,2809.0,False,2992.874018910054,2992.874018910054,2992.874018910054,0.0,0.0,0.0,0.0,0.0,0.0,0.0,0.0,0.0,0.0,0.0,0.0,0.0,0.0,0.0,0.0,0.0,0.0,0.0,0.0,0.0,0.0,0.0,0.0,0.0,0.0,0.0,0.0,0.0,0.0,0.0,0.0,0.0,0.0,0.0,0.0,0.0,0.0,0.0,9.984625823072852,9.984625823072852,9.984625823072852,0.0,0.0,0.0,9.984625823072852,9.984625823072852,9.984625823072852,0.0,0.0,0.0,2657.1262209461,2271.073847513472,3043.178594378727,223.15166094371523,0.0,0,ff8811ca-f4c9-4b3f-85c4-9e1d8a86593a,total_orders,,,7e2ba566-7fa7-4af2-9193-de1705cef021,trueclassic,trueclassic_trueclassic_blotout_kpi_set1_d,2023-09-22 12:58:33.167354,trueclassic_blotout_kpi_set1,d
2023-08-26,3372.0,False,3107.423030657881,3107.423030657881,3107.423030657881,0.0,0.0,0.0,0.0,0.0,0.0,0.0,0.0,0.0,0.0,0.0,0.0,0.0,0.0,0.0,0.0,0.0,0.0,0.0,0.0,0.0,0.0,0.0,0.0,0.0,0.0,0.0,0.0,0.0,0.0,0.0,0.0,0.0,0.0,0.0,0.0,0.0,0.0,0.0,8.899962572584094,8.899962572584094,8.899962572584094,0.0,0.0,0.0,8.899962572584094,8.899962572584094,8.899962572584094,0.0,0.0,0.0,3448.9245486690465,3010.274749129273,3887.57434820882,253.5547974218341,0.0,0,ff8811ca-f4c9-4b3f-85c4-9e1d8a86593a,total_orders,,,7e2ba566-7fa7-4af2-9193-de1705cef021,trueclassic,trueclassic_trueclassic_blotout_kpi_set1_d,2023-09-22 12:58:33.167354,trueclassic_blotout_kpi_set1,d
2023-08-27,4551.0,False,3224.1231889553974,3224.1231889553974,3224.1231889553974,0.0,0.0,0.0,0.0,0.0,0.0,0.0,0.0,0.0,0.0,0.0,0.0,0.0,0.0,0.0,0.0,0.0,0.0,0.0,0.0,0.0,0.0,0.0,0.0,0.0,0.0,0.0,0.0,0.0,0.0,0.0,0.0,0.0,0.0,0.0,0.0,0.0,0.0,0.0,108.65644246622212,108.65644246622212,108.65644246622212,0.0,0.0,0.0,108.65644246622212,108.65644246622212,108.65644246622212,0.0,0.0,0.0,4516.539329645451,4042.881473121448,4990.197186169455,273.79066851098486,0.0,0,ff8811ca-f4c9-4b3f-85c4-9e1d8a86593a,total_orders,,,7e2ba566-7fa7-4af2-9193-de1705cef021,trueclassic,trueclassic_trueclassic_blotout_kpi_set1_d,2023-09-22 12:58:33.167354,trueclassic_blotout_kpi_set1,d
2023-08-28,3970.0,False,3342.9744938026056,3342.9744938026056,3342.9744938026056,0.0,0.0,0.0,0.0,0.0,0.0,0.0,0.0,0.0,0.0,0.0,0.0,0.0,0.0,0.0,0.0,0.0,0.0,0.0,0.0,0.0,0.0,0.0,0.0,0.0,0.0,0.0,0.0,0.0,0.0,0.0,0.0,0.0,0.0,0.0,0.0,0.0,0.0,0.0,3.283597900310621,3.283597900310621,3.283597900310621,0.0,0.0,0.0,3.283597900310621,3.283597900310621,3.283597900310621,0.0,0.0,0.0,3555.800297748784,3116.148184545269,3995.4524109522986,254.13416948180023,0.0,0,ff8811ca-f4c9-4b3f-85c4-9e1d8a86593a,total_orders,,,7e2ba566-7fa7-4af2-9193-de1705cef021,trueclassic,trueclassic_trueclassic_blotout_kpi_set1_d,2023-09-22 12:58:33.167354,trueclassic_blotout_kpi_set1,d
2023-08-29,2785.0,True,3603.304654976231,3603.304654976231,3603.304654976231,0.0,0.0,0.0,0.0,0.0,0.0,0.0,0.0,0.0,0.0,0.0,0.0,0.0,0.0,0.0,0.0,0.0,0.0,0.0,0.0,0.0,0.0,0.0,0.0,0.0,0.0,0.0,0.0,0.0,0.0,0.0,0.0,0.0,0.0,0.0,0.0,0.0,0.0,0.0,10.03906778823401,10.03906778823401,10.03906778823401,0.0,0.0,0.0,10.03906778823401,10.03906778823401,10.03906778823401,0.0,0.0,0.0,3232.955396482148,2802.680684328797,3663.230108635499,248.71370644702392,-1.8010885000323156,low,ff8811ca-f4c9-4b3f-85c4-9e1d8a86593a,total_orders,,,7e2ba566-7fa7-4af2-9193-de1705cef021,trueclassic,trueclassic_trueclassic_blotout_kpi_set1_d,2023-09-22 12:58:33.167354,trueclassic_blotout_kpi_set1,d
2023-08-30,2980.0,False,3873.394805017317,3873.394805017318,3873.394805017318,0.0,0.0,0.0,0.0,0.0,0.0,0.0,0.0,0.0,0.0,0.0,0.0,0.0,0.0,0.0,0.0,0.0,0.0,0.0,0.0,0.0,0.0,0.0,0.0,0.0,0.0,0.0,0.0,0.0,0.0,0.0,0.0,0.0,0.0,0.0,0.0,0.0,0.0,0.0,24.64801937258813,24.64801937258813,24.64801937258813,0.0,0.0,0.0,24.64801937258813,24.64801937258813,24.64801937258813,0.0,0.0,0.0,3280.0735365066025,2860.9862750907523,3699.1607979224527,242.2469719166764,0.0,0,ff8811ca-f4c9-4b3f-85c4-9e1d8a86593a,total_orders,,,7e2ba566-7fa7-4af2-9193-de1705cef021,trueclassic,trueclassic_trueclassic_blotout_kpi_set1_d,2023-09-22 12:58:33.167354,trueclassic_blotout_kpi_set1,d
2023-08-31,4037.0,False,4153.244943925862,4153.244943925862,4153.244943925862,0.0,0.0,0.0,0.0,0.0,0.0,0.0,0.0,0.0,0.0,0.0,0.0,0.0,0.0,0.0,0.0,0.0,0.0,0.0,0.0,0.0,0.0,0.0,0.0,0.0,0.0,0.0,0.0,0.0,0.0,0.0,0.0,0.0,0.0,0.0,0.0,0.0,0.0,0.0,15.415194431338174,15.415194431338174,15.415194431338174,0.0,0.0,0.0,15.415194431338174,15.415194431338174,15.415194431338174,0.0,0.0,0.0,3662.604495837173,3228.9154771477693,4096.293514526577,250.68729404011785,0.0,0,ff8811ca-f4c9-4b3f-85c4-9e1d8a86593a,total_orders,,,7e2ba566-7fa7-4af2-9193-de1705cef021,trueclassic,trueclassic_trueclassic_blotout_kpi_set1_d,2023-09-22 12:58:33.167354,trueclassic_blotout_kpi_set1,d
2023-09-01,4080.0,False,4442.8550717018725,4442.8550717018725,4442.8550717018725,0.0,0.0,0.0,0.0,0.0,0.0,0.0,0.0,0.0,0.0,0.0,0.0,0.0,0.0,0.0,0.0,0.0,0.0,0.0,0.0,0.0,0.0,0.0,0.0,0.0,0.0,0.0,0.0,0.0,0.0,0.0,0.0,0.0,0.0,0.0,0.0,0.0,0.0,0.0,9.984625823097476,9.984625823097476,9.984625823097476,0.0,0.0,0.0,9.984625823097476,9.984625823097476,9.984625823097476,0.0,0.0,0.0,4031.602256277428,3552.2309816821694,4510.973530872686,277.09322230939785,0.0,0,ff8811ca-f4c9-4b3f-85c4-9e1d8a86593a,total_orders,,,7e2ba566-7fa7-4af2-9193-de1705cef021,trueclassic,trueclassic_trueclassic_blotout_kpi_set1_d,2023-09-22 12:58:33.167354,trueclassic_blotout_kpi_set1,d
2023-09-02,5597.0,False,4742.230234704194,4742.230234704194,4742.230234704194,0.0,0.0,0.0,0.0,0.0,0.0,0.0,0.0,0.0,0.0,0.0,0.0,8.790893595471758,8.790893595471758,8.790893595471758,0.0,0.0,0.0,0.0,0.0,0.0,0.0,0.0,0.0,0.0,0.0,0.0,0.0,0.0,0.0,0.0,0.0,0.0,0.0,0.0,0.0,0.0,0.0,0.0,35.38137611290987,35.38137611290987,35.38137611290987,8.790893595471758,8.790893595471758,8.790893595471758,8.899962572615372,8.899962572615372,8.899962572615372,0.0,0.0,0.0,5596.846940983185,5046.495415803574,6147.198466162796,318.1222688899484,0.0,0,ff8811ca-f4c9-4b3f-85c4-9e1d8a86593a,total_orders,,,7e2ba566-7fa7-4af2-9193-de1705cef021,trueclassic,trueclassic_trueclassic_blotout_kpi_set1_d,2023-09-22 12:58:33.167354,trueclassic_blotout_kpi_set1,d
2023-09-03,6535.0,False,5051.365710339199,5051.365710339199,5051.365710339199,0.0,0.0,0.0,0.0,0.0,0.0,0.0,0.0,0.0,0.0,0.0,0.0,0.431850747320383,0.431850747320383,0.431850747320383,0.0,0.0,0.0,0.0,0.0,0.0,0.0,0.0,0.0,0.0,0.0,0.0,0.0,0.0,0.0,0.0,0.0,0.0,0.0,0.0,0.0,0.0,0.0,0.0,95.38816680820032,95.38816680820032,95.38816680820032,0.431850747320383,0.431850747320383,0.431850747320383,108.65644246616348,108.65644246616348,108.65644246616348,0.0,0.0,0.0,6535.048536053871,5912.576183823816,7157.520888283925,359.8106082254648,0.0,0,ff8811ca-f4c9-4b3f-85c4-9e1d8a86593a,total_orders,,,7e2ba566-7fa7-4af2-9193-de1705cef021,trueclassic,trueclassic_trueclassic_blotout_kpi_set1_d,2023-09-22 12:58:33.167354,trueclassic_blotout_kpi_set1,d
2023-09-04,6833.0,False,5370.261498606882,5370.261498606882,5370.261498606882,0.0,0.0,0.0,0.0,0.0,0.0,0.0,0.0,0.0,0.0,0.0,0.0,57.2316162660444,57.2316162660444,57.2316162660444,0.0,0.0,0.0,0.0,0.0,0.0,0.0,0.0,0.0,0.0,0.0,0.0,0.0,0.0,0.0,0.0,0.0,0.0,0.0,0.0,0.0,0.0,0.0,0.0,87.93240694758758,87.93240694758758,87.93240694758758,57.2316162660444,57.2316162660444,57.2316162660444,3.2835979002859723,3.2835979002859723,3.2835979002859723,0.0,0.0,0.0,6832.559242006844,6212.660685811352,7452.457798202337,358.3228648528858,0.0,0,ff8811ca-f4c9-4b3f-85c4-9e1d8a86593a,total_orders,,,7e2ba566-7fa7-4af2-9193-de1705cef021,trueclassic,trueclassic_trueclassic_blotout_kpi_set1_d,2023-09-22 12:58:33.167354,trueclassic_blotout_kpi_set1,d
2023-09-05,5413.0,False,5698.920012295763,5698.920012295763,5698.920012295763,0.0,0.0,0.0,0.0,0.0,0.0,0.0,0.0,0.0,0.0,0.0,0.0,1.5624286190314487,1.5624286190314487,1.5624286190314487,0.0,0.0,0.0,0.0,0.0,0.0,0.0,0.0,0.0,0.0,0.0,0.0,0.0,0.0,0.0,0.0,0.0,0.0,0.0,0.0,0.0,0.0,0.0,0.0,3.680555346788729,3.680555346788729,3.680555346788729,1.5624286190314487,1.5624286190314487,1.5624286190314487,10.039067788170213,10.039067788170213,10.039067788170213,0.0,0.0,0.0,5412.944284975136,4880.762675614634,5945.125894335638,307.61942737601294,0.0,0,ff8811ca-f4c9-4b3f-85c4-9e1d8a86593a,total_orders,,,7e2ba566-7fa7-4af2-9193-de1705cef021,trueclassic,trueclassic_trueclassic_blotout_kpi_set1_d,2023-09-22 12:58:33.167354,trueclassic_blotout_kpi_set1,d
2023-09-06,2849.0,False,6037.338979829274,6037.338979829274,6037.338979829274,0.0,0.0,0.0,0.0,0.0,0.0,0.0,0.0,0.0,0.0,0.0,0.0,374.5207414099302,374.5207414099302,374.5207414099302,0.0,0.0,0.0,0.0,0.0,0.0,0.0,0.0,0.0,0.0,0.0,0.0,0.0,0.0,0.0,0.0,0.0,0.0,0.0,0.0,0.0,0.0,0.0,0.0,591.32697153325,591.32697153325,591.32697153325,374.5207414099302,374.5207414099302,374.5207414099302,24.648019372636185,24.648019372636185,24.648019372636185,0.0,0.0,0.0,2849.7553278827427,2457.0682472827457,3242.44240848274,226.9867517919057,0.0,0,ff8811ca-f4c9-4b3f-85c4-9e1d8a86593a,total_orders,,,7e2ba566-7fa7-4af2-9193-de1705cef021,trueclassic,trueclassic_trueclassic_blotout_kpi_set1_d,2023-09-22 12:58:33.167354,trueclassic_blotout_kpi_set1,d
2023-09-07,2257.0,True,6385.518401207417,6385.518401207417,6385.518401207417,0.0,0.0,0.0,0.0,0.0,0.0,0.0,0.0,0.0,0.0,0.0,0.0,0.0,0.0,0.0,0.0,0.0,0.0,0.0,0.0,0.0,0.0,0.0,0.0,0.0,0.0,0.0,0.0,0.0,0.0,0.0,0.0,0.0,0.0,0.0,0.0,0.0,0.0,0.0,15.41519443136055,15.41519443136055,15.41519443136055,0.0,0.0,0.0,15.41519443136055,15.41519443136055,15.41519443136055,0.0,0.0,0.0,5773.449706763078,5211.58334085703,6335.316072669127,324.7782461884676,-10.827232882840606,high,ff8811ca-f4c9-4b3f-85c4-9e1d8a86593a,total_orders,,,7e2ba566-7fa7-4af2-9193-de1705cef021,trueclassic,trueclassic_trueclassic_blotout_kpi_set1_d,2023-09-22 12:58:33.167354,trueclassic_blotout_kpi_set1,d
2023-09-08,1665.0,True,6743.458276430186,6743.458276430186,6743.458276430186,0.0,0.0,0.0,0.0,0.0,0.0,0.0,0.0,0.0,0.0,0.0,0.0,0.0,0.0,0.0,0.0,0.0,0.0,0.0,0.0,0.0,0.0,0.0,0.0,0.0,0.0,0.0,0.0,0.0,0.0,0.0,0.0,0.0,0.0,0.0,0.0,0.0,0.0,0.0,9.984625823122094,9.984625823122094,9.984625823122094,0.0,0.0,0.0,9.984625823122094,9.984625823122094,9.984625823122094,0.0,0.0,0.0,6234.478904873947,5650.762525969228,6818.195283778666,337.40831150561814,-13.542875943048193,high,ff8811ca-f4c9-4b3f-85c4-9e1d8a86593a,total_orders,,,7e2ba566-7fa7-4af2-9193-de1705cef021,trueclassic,trueclassic_trueclassic_blotout_kpi_set1_d,2023-09-22 12:58:33.167354,trueclassic_blotout_kpi_set1,d
2023-09-09,2383.0,True,7111.158637814579,7111.158637814579,7111.158637814579,0.0,0.0,0.0,0.0,0.0,0.0,0.0,0.0,0.0,0.0,0.0,0.0,0.0,0.0,0.0,0.0,0.0,0.0,0.0,0.0,0.0,0.0,0.0,0.0,0.0,0.0,0.0,0.0,0.0,0.0,0.0,0.0,0.0,0.0,0.0,0.0,0.0,0.0,0.0,8.899962572646645,8.899962572646645,8.899962572646645,0.0,0.0,0.0,8.899962572646645,8.899962572646645,8.899962572646645,0.0,0.0,0.0,7623.204884184305,6963.013962340345,8283.395806028266,381.6132496207865,-13.731716310666776,high,ff8811ca-f4c9-4b3f-85c4-9e1d8a86593a,total_orders,,,7e2ba566-7fa7-4af2-9193-de1705cef021,trueclassic,trueclassic_trueclassic_blotout_kpi_set1_d,2023-09-22 12:58:33.167354,trueclassic_blotout_kpi_set1,d
2023-09-10,2928.0,True,7488.61945473681,7488.61945473681,7488.61945473681,0.0,0.0,0.0,0.0,0.0,0.0,0.0,0.0,0.0,0.0,0.0,0.0,0.0,0.0,0.0,0.0,0.0,0.0,0.0,0.0,0.0,0.0,0.0,0.0,0.0,0.0,0.0,0.0,0.0,0.0,0.0,0.0,0.0,0.0,0.0,0.0,0.0,0.0,0.0,108.65644246617045,108.65644246617045,108.65644246617045,0.0,0.0,0.0,108.65644246617045,108.65644246617045,108.65644246617045,0.0,0.0,0.0,9401.367634265876,8683.064676283051,10119.670592248702,415.2040219553907,-15.59081148535062,high,ff8811ca-f4c9-4b3f-85c4-9e1d8a86593a,total_orders,,,7e2ba566-7fa7-4af2-9193-de1705cef021,trueclassic,trueclassic_trueclassic_blotout_kpi_set1_d,2023-09-22 12:58:33.167354,trueclassic_blotout_kpi_set1,d
2023-09-11,2590.0,True,7875.840727196882,7875.840727196882,7875.840727196882,0.0,0.0,0.0,0.0,0.0,0.0,0.0,0.0,0.0,0.0,0.0,0.0,0.0,0.0,0.0,0.0,0.0,0.0,0.0,0.0,0.0,0.0,0.0,0.0,0.0,0.0,0.0,0.0,0.0,0.0,0.0,0.0,0.0,0.0,0.0,0.0,0.0,0.0,0.0,3.2835979004011424,3.2835979004011424,3.2835979004011424,0.0,0.0,0.0,3.2835979004011424,3.2835979004011424,3.2835979004011424,0.0,0.0,0.0,8200.752023380359,7557.530609773028,8843.97343698769,371.8042853221568,-15.090606119611609,high,ff8811ca-f4c9-4b3f-85c4-9e1d8a86593a,total_orders,,,7e2ba566-7fa7-4af2-9193-de1705cef021,trueclassic,trueclassic_trueclassic_blotout_kpi_set1_d,2023-09-22 12:58:33.167354,trueclassic_blotout_kpi_set1,d
2023-09-12,2057.0,True,8272.822455194795,8272.822455194795,8272.822455194795,0.0,0.0,0.0,0.0,0.0,0.0,0.0,0.0,0.0,0.0,0.0,0.0,0.0,0.0,0.0,0.0,0.0,0.0,0.0,0.0,0.0,0.0,0.0,0.0,0.0,0.0,0.0,0.0,0.0,0.0,0.0,0.0,0.0,0.0,0.0,0.0,0.0,0.0,0.0,10.039067788162594,10.039067788162594,10.039067788162594,0.0,0.0,0.0,10.039067788162594,10.039067788162594,10.039067788162594,0.0,0.0,0.0,7706.488638724392,7076.176475497395,8336.80080195139,364.3422908826576,-15.505991975397396,high,ff8811ca-f4c9-4b3f-85c4-9e1d8a86593a,total_orders,,,7e2ba566-7fa7-4af2-9193-de1705cef021,trueclassic,trueclassic_trueclassic_blotout_kpi_set1_d,2023-09-22 12:58:33.167354,trueclassic_blotout_kpi_set1,d
2023-09-13,2022.0,True,8679.56466755011,8679.56466755011,8679.56466755011,0.0,0.0,0.0,0.0,0.0,0.0,0.0,0.0,0.0,0.0,0.0,0.0,0.0,0.0,0.0,0.0,0.0,0.0,0.0,0.0,0.0,0.0,0.0,0.0,0.0,0.0,0.0,0.0,0.0,0.0,0.0,0.0,0.0,0.0,0.0,0.0,0.0,0.0,0.0,24.648019372531664,24.648019372531664,24.648019372531664,0.0,0.0,0.0,24.648019372531664,24.648019372531664,24.648019372531664,0.0,0.0,0.0,7779.152520077444,7132.755671763747,8425.54936839114,373.6397967131195,-15.408295825880089,high,ff8811ca-f4c9-4b3f-85c4-9e1d8a86593a,total_orders,,,7e2ba566-7fa7-4af2-9193-de1705cef021,trueclassic,trueclassic_trueclassic_blotout_kpi_set1_d,2023-09-22 12:58:33.167354,trueclassic_blotout_kpi_set1,d
2023-09-14,1969.0,True,9096.067336810016,9096.067336810016,9096.067336810016,0.0,0.0,0.0,0.0,0.0,0.0,0.0,0.0,0.0,0.0,0.0,0.0,0.0,0.0,0.0,0.0,0.0,0.0,0.0,0.0,0.0,0.0,0.0,0.0,0.0,0.0,0.0,0.0,0.0,0.0,0.0,0.0,0.0,0.0,0.0,0.0,0.0,0.0,0.0,15.415194431311598,15.415194431311598,15.415194431311598,0.0,0.0,0.0,15.415194431311598,15.415194431311598,15.415194431311598,0.0,0.0,0.0,8362.569594893639,7681.140783158955,9043.998406628323,393.8894865518408,-16.231886895138455,high,ff8811ca-f4c9-4b3f-85c4-9e1d8a86593a,total_orders,,,7e2ba566-7fa7-4af2-9193-de1705cef021,trueclassic,trueclassic_trueclassic_blotout_kpi_set1_d,2023-09-22 12:58:33.167354,trueclassic_blotout_kpi_set1,d
2023-09-15,1958.0,True,9522.330462974513,9522.330462974513,9522.330462974513,0.0,0.0,0.0,0.0,0.0,0.0,0.0,0.0,0.0,0.0,0.0,0.0,0.0,0.0,0.0,0.0,0.0,0.0,0.0,0.0,0.0,0.0,0.0,0.0,0.0,0.0,0.0,0.0,0.0,0.0,0.0,0.0,0.0,0.0,0.0,0.0,0.0,0.0,0.0,9.984625823036948,9.984625823036948,9.984625823036948,0.0,0.0,0.0,9.984625823036948,9.984625823036948,9.984625823036948,0.0,0.0,0.0,8915.624220903086,8228.913048088845,9602.335393717329,396.9428744590988,-17.528023976709534,high,ff8811ca-f4c9-4b3f-85c4-9e1d8a86593a,total_orders,,,7e2ba566-7fa7-4af2-9193-de1705cef021,trueclassic,trueclassic_trueclassic_blotout_kpi_set1_d,2023-09-22 12:58:33.167354,trueclassic_blotout_kpi_set1,d
2023-09-16,2415.0,True,9958.354090385554,9958.354090385554,9958.354090385554,0.0,0.0,0.0,0.0,0.0,0.0,0.0,0.0,0.0,0.0,0.0,0.0,0.0,0.0,0.0,0.0,0.0,0.0,0.0,0.0,0.0,0.0,0.0,0.0,0.0,0.0,0.0,0.0,0.0,0.0,0.0,0.0,0.0,0.0,0.0,0.0,0.0,0.0,0.0,8.899962572456566,8.899962572456566,8.899962572456566,0.0,0.0,0.0,8.899962572456566,8.899962572456566,8.899962572456566,0.0,0.0,0.0,10562.666443449512,9803.84649000552,11321.486396893504,438.6242505456596,-18.57550382431799,high,ff8811ca-f4c9-4b3f-85c4-9e1d8a86593a,total_orders,,,7e2ba566-7fa7-4af2-9193-de1705cef021,trueclassic,trueclassic_trueclassic_blotout_kpi_set1_d,2023-09-22 12:58:33.167354,trueclassic_blotout_kpi_set1,d
2023-09-17,2809.0,True,10404.13817666441,10404.13817666441,10404.13817666441,0.0,0.0,0.0,0.0,0.0,0.0,0.0,0.0,0.0,0.0,0.0,0.0,0.0,0.0,0.0,0.0,0.0,0.0,0.0,0.0,0.0,0.0,0.0,0.0,0.0,0.0,0.0,0.0,0.0,0.0,0.0,0.0,0.0,0.0,0.0,0.0,0.0,0.0,0.0,108.6564424661774,108.6564424661774,108.6564424661774,0.0,0.0,0.0,108.6564424661774,108.6564424661774,108.6564424661774,0.0,0.0,0.0,12639.272120730731,11802.77546349091,13475.768777970552,483.5240793293761,-20.330470685896,high,ff8811ca-f4c9-4b3f-85c4-9e1d8a86593a,total_orders,,,7e2ba566-7fa7-4af2-9193-de1705cef021,trueclassic,trueclassic_trueclassic_blotout_kpi_set1_d,2023-09-22 12:58:33.167354,trueclassic_blotout_kpi_set1,d
2023-09-18,2305.0,True,10859.68272181109,10859.68272181109,10859.68272181109,0.0,0.0,0.0,0.0,0.0,0.0,0.0,0.0,0.0,0.0,0.0,0.0,0.0,0.0,0.0,0.0,0.0,0.0,0.0,0.0,0.0,0.0,0.0,0.0,0.0,0.0,0.0,0.0,0.0,0.0,0.0,0.0,0.0,0.0,0.0,0.0,0.0,0.0,0.0,3.2835979003764937,3.2835979003764937,3.2835979003764937,0.0,0.0,0.0,3.2835979003764937,3.2835979003764937,3.2835979003764937,0.0,0.0,0.0,11240.637241992192,10477.521856186831,12003.75262779755,441.1071594250628,-20.25729361010341,high,ff8811ca-f4c9-4b3f-85c4-9e1d8a86593a,total_orders,,,7e2ba566-7fa7-4af2-9193-de1705cef021,trueclassic,trueclassic_trueclassic_blotout_kpi_set1_d,2023-09-22 12:58:33.167354,trueclassic_blotout_kpi_set1,d
2023-09-19,1865.0,True,11324.98772582558,11324.98772582558,11324.98772582558,0.0,0.0,0.0,0.0,0.0,0.0,0.0,0.0,0.0,0.0,0.0,0.0,0.0,0.0,0.0,0.0,0.0,0.0,0.0,0.0,0.0,0.0,0.0,0.0,0.0,0.0,0.0,0.0,0.0,0.0,0.0,0.0,0.0,0.0,0.0,0.0,0.0,0.0,0.0,10.039067788154966,10.039067788154966,10.039067788154966,0.0,0.0,0.0,10.039067788154966,10.039067788154966,10.039067788154966,0.0,0.0,0.0,10660.660959723597,9894.28376011386,11427.038159333331,442.9926009304832,-19.855096769672365,high,ff8811ca-f4c9-4b3f-85c4-9e1d8a86593a,total_orders,,,7e2ba566-7fa7-4af2-9193-de1705cef021,trueclassic,trueclassic_trueclassic_blotout_kpi_set1_d,2023-09-22 12:58:33.167354,trueclassic_blotout_kpi_set1,d
2023-09-20,1757.0,True,11800.053188707929,11793.147384717477,11815.999987079496,0.0,0.0,0.0,0.0,0.0,0.0,0.0,0.0,0.0,0.0,0.0,0.0,0.0,0.0,0.0,0.0,0.0,0.0,0.0,0.0,0.0,0.0,0.0,0.0,0.0,0.0,0.0,0.0,0.0,0.0,0.0,0.0,0.0,0.0,0.0,0.0,0.0,0.0,0.0,24.6480193725797,24.6480193725797,24.6480193725797,0.0,0.0,0.0,24.6480193725797,24.6480193725797,24.6480193725797,0.0,0.0,0.0,10746.094811673098,9961.405873377376,11530.78374996882,453.5774209801869,-19.81821491962176,high,ff8811ca-f4c9-4b3f-85c4-9e1d8a86593a,total_orders,,,7e2ba566-7fa7-4af2-9193-de1705cef021,trueclassic,trueclassic_trueclassic_blotout_kpi_set1_d,2023-09-22 12:58:33.167354,trueclassic_blotout_kpi_set1,d
