ds,trend,trend_lower,trend_upper,Christmas Day,Christmas Day_lower,Christmas Day_upper,Columbus Day,Columbus Day_lower,Columbus Day_upper,Independence Day,Independence Day_lower,Independence Day_upper,Juneteenth National Independence Day,Juneteenth National Independence Day_lower,Juneteenth National Independence Day_upper,Labor Day,Labor Day_lower,Labor Day_upper,Martin Luther King Jr. Day,Martin Luther King Jr. Day_lower,Martin Luther King Jr. Day_upper,Memorial Day,Memorial Day_lower,Memorial Day_upper,New Year's Day,New Year's Day_lower,New Year's Day_upper,New Year's Day (Observed),New Year's Day (Observed)_lower,New Year's Day (Observed)_upper,Thanksgiving,Thanksgiving_lower,Thanksgiving_upper,Veterans Day,Veterans Day_lower,Veterans Day_upper,Veterans Day (Observed),Veterans Day (Observed)_lower,Veterans Day (Observed)_upper,Washington's Birthday,Washington's Birthday_lower,Washington's Birthday_upper,additive_terms,additive_terms_lower,additive_terms_upper,holidays,holidays_lower,holidays_upper,weekly,weekly_lower,weekly_upper,multiplicative_terms,multiplicative_terms_lower,multiplicative_terms_upper,y,yhat,yhat_lower,yhat_upper,sigma
2023-06-20,881.5425872605176,881.5425872605176,881.5425872605176,0.0,0.0,0.0,0.0,0.0,0.0,0.0,0.0,0.0,672.3447499550708,672.3447499550708,672.3447499550708,0.0,0.0,0.0,0.0,0.0,0.0,0.0,0.0,0.0,0.0,0.0,0.0,0.0,0.0,0.0,0.0,0.0,0.0,0.0,0.0,0.0,0.0,0.0,0.0,0.0,0.0,0.0,822.6145929180002,822.6145929180002,822.6145929180002,672.3447499550708,672.3447499550708,672.3447499550708,7.571561849110585,7.571561849110585,7.571561849110585,0.0,0.0,0.0,1.0,1.0191393148990724,0.01,14.921430452491386,8.036006437914631
2023-06-21,1257.5588839983716,1257.5588839983716,1257.5588839983716,0.0,0.0,0.0,0.0,0.0,0.0,0.0,0.0,0.0,39.98577375289209,39.98577375289209,39.98577375289209,0.0,0.0,0.0,0.0,0.0,0.0,0.0,0.0,0.0,0.0,0.0,0.0,0.0,0.0,0.0,0.0,0.0,0.0,0.0,0.0,0.0,0.0,0.0,0.0,0.0,0.0,0.0,2.317647450015547,2.317647450015547,2.317647450015547,39.98577375289209,39.98577375289209,39.98577375289209,23.050065487574383,23.050065487574383,23.050065487574383,0.0,0.0,0.0,1368.0220351722733,1367.8501975108713,1083.8398809177145,1651.8605141040282,164.16781305962826
2023-06-22,1700.1908457874695,1700.1908457874695,1700.1908457874695,0.0,0.0,0.0,0.0,0.0,0.0,0.0,0.0,0.0,0.0,0.0,0.0,0.0,0.0,0.0,0.0,0.0,0.0,0.0,0.0,0.0,0.0,0.0,0.0,0.0,0.0,0.0,0.0,0.0,0.0,0.0,0.0,0.0,0.0,0.0,0.0,0.0,0.0,0.0,18.048250795754605,18.048250795754605,18.048250795754605,0.0,0.0,0.0,18.048250795754605,18.048250795754605,18.048250795754605,0.0,0.0,0.0,1371.540528939889,1367.8937196454463,1090.6005052194223,1645.1869340714702,160.28509504394444
2023-06-23,2209.4384726278104,2209.4384726278095,2209.4384726278095,0.0,0.0,0.0,0.0,0.0,0.0,0.0,0.0,0.0,0.0,0.0,0.0,0.0,0.0,0.0,0.0,0.0,0.0,0.0,0.0,0.0,0.0,0.0,0.0,0.0,0.0,0.0,0.0,0.0,0.0,0.0,0.0,0.0,0.0,0.0,0.0,0.0,0.0,0.0,13.725309011158997,13.725309011158997,13.725309011158997,0.0,0.0,0.0,13.725309011158997,13.725309011158997,13.725309011158997,0.0,0.0,0.0,1499.0000000000002,1874.8809897702931,1536.4755880638932,2213.286391476693,195.61005878982664
2023-06-24,2785.301764519396,2785.301764519396,2785.301764519396,0.0,0.0,0.0,0.0,0.0,0.0,0.0,0.0,0.0,0.0,0.0,0.0,0.0,0.0,0.0,0.0,0.0,0.0,0.0,0.0,0.0,0.0,0.0,0.0,0.0,0.0,0.0,0.0,0.0,0.0,0.0,0.0,0.0,0.0,0.0,0.0,0.0,0.0,0.0,6.874420146507956,6.874420146507956,6.874420146507956,0.0,0.0,0.0,6.874420146507956,6.874420146507956,6.874420146507956,0.0,0.0,0.0,3692.0000000000005,3068.9239728349608,2659.713725825599,3478.1342198443226,236.53771503431318
2023-06-25,3106.6178659205975,3106.617865920598,3106.617865920598,0.0,0.0,0.0,0.0,0.0,0.0,0.0,0.0,0.0,0.0,0.0,0.0,0.0,0.0,0.0,0.0,0.0,0.0,0.0,0.0,0.0,0.0,0.0,0.0,0.0,0.0,0.0,0.0,0.0,0.0,0.0,0.0,0.0,0.0,0.0,0.0,0.0,0.0,0.0,111.85205126802231,111.85205126802231,111.85205126802231,0.0,0.0,0.0,111.85205126802231,111.85205126802231,111.85205126802231,0.0,0.0,0.0,4421.0,4397.421283122099,3907.342058613992,4887.500507630207,283.28278873301014
2023-06-26,3445.4700033916256,3445.4700033916256,3445.4700033916256,0.0,0.0,0.0,0.0,0.0,0.0,0.0,0.0,0.0,0.0,0.0,0.0,0.0,0.0,0.0,0.0,0.0,0.0,0.0,0.0,0.0,0.0,0.0,0.0,0.0,0.0,0.0,0.0,0.0,0.0,0.0,0.0,0.0,0.0,0.0,0.0,0.0,0.0,0.0,5.32622996001283,5.32622996001283,5.32622996001283,0.0,0.0,0.0,5.32622996001283,5.32622996001283,5.32622996001283,0.0,0.0,0.0,3606.000000000001,3721.730657582964,3262.2406273778056,4181.220687788123,265.6011735289933
2023-06-27,3801.858176932486,3801.858176932486,3801.858176932486,0.0,0.0,0.0,0.0,0.0,0.0,0.0,0.0,0.0,0.0,0.0,0.0,0.0,0.0,0.0,0.0,0.0,0.0,0.0,0.0,0.0,0.0,0.0,0.0,0.0,0.0,0.0,0.0,0.0,0.0,0.0,0.0,0.0,0.0,0.0,0.0,0.0,0.0,0.0,7.571561849051782,7.571561849051782,7.571561849051782,0.0,0.0,0.0,7.571561849051782,7.571561849051782,7.571561849051782,0.0,0.0,0.0,3463.0,3470.1009641221076,3039.0811189981882,3901.120809246027,249.14441914677423
2023-06-28,4175.745888393151,4175.745888393151,4175.745888393151,0.0,0.0,0.0,0.0,0.0,0.0,0.0,0.0,0.0,0.0,0.0,0.0,0.0,0.0,0.0,0.0,0.0,0.0,0.0,0.0,0.0,0.0,0.0,0.0,0.0,0.0,0.0,0.0,0.0,0.0,0.0,0.0,0.0,0.0,0.0,0.0,0.0,0.0,0.0,23.050065487623772,23.050065487623772,23.050065487623772,0.0,0.0,0.0,23.050065487623772,23.050065487623772,23.050065487623772,0.0,0.0,0.0,3368.0,3578.308351467518,3130.397949738483,4026.2187531965533,258.9077466641821
2023-06-29,4567.166291179716,4567.166291179716,4567.166291179716,0.0,0.0,0.0,0.0,0.0,0.0,0.0,0.0,0.0,0.0,0.0,0.0,0.0,0.0,0.0,0.0,0.0,0.0,0.0,0.0,0.0,0.0,0.0,0.0,0.0,0.0,0.0,0.0,0.0,0.0,0.0,0.0,0.0,0.0,0.0,0.0,0.0,0.0,0.0,18.04825079570472,18.04825079570472,18.04825079570472,0.0,0.0,0.0,18.04825079570472,18.04825079570472,18.04825079570472,0.0,0.0,0.0,4211.0,4011.0042576756696,3540.5280486708066,4481.480466680533,271.9515658987648
2023-06-30,4976.119385292173,4976.119385292173,4976.119385292173,0.0,0.0,0.0,0.0,0.0,0.0,0.0,0.0,0.0,0.0,0.0,0.0,0.0,0.0,0.0,0.0,0.0,0.0,0.0,0.0,0.0,0.0,0.0,0.0,0.0,0.0,0.0,0.0,0.0,0.0,0.0,0.0,0.0,0.0,0.0,0.0,0.0,0.0,0.0,13.725309011124018,13.725309011124018,13.725309011124018,0.0,0.0,0.0,13.725309011124018,13.725309011124018,13.725309011124018,0.0,0.0,0.0,4525.000000000001,4467.164003099271,3965.4083704245336,4968.919635774009,290.0321576154553
2023-07-01,5402.605170730535,5402.605170730532,5402.605170730532,0.0,0.0,0.0,0.0,0.0,0.0,0.0,0.0,0.0,0.0,0.0,0.0,0.0,0.0,0.0,0.0,0.0,0.0,0.0,0.0,0.0,0.0,0.0,0.0,0.0,0.0,0.0,0.0,0.0,0.0,0.0,0.0,0.0,0.0,0.0,0.0,0.0,0.0,0.0,6.874420146537352,6.874420146537352,6.874420146537352,0.0,0.0,0.0,6.874420146537352,6.874420146537352,6.874420146537352,0.0,0.0,0.0,5957.0,5794.913257436998,5233.723418017993,6356.103096856003,324.3871904156095
2023-07-02,5148.754281759513,5148.754281759513,5148.754281759513,0.0,0.0,0.0,0.0,0.0,0.0,5.5505738627615635,5.5505738627615635,5.5505738627615635,0.0,0.0,0.0,0.0,0.0,0.0,0.0,0.0,0.0,0.0,0.0,0.0,0.0,0.0,0.0,0.0,0.0,0.0,0.0,0.0,0.0,0.0,0.0,0.0,0.0,0.0,0.0,0.0,0.0,0.0,167.23607061724667,167.23607061724667,167.23607061724667,5.5505738627615635,5.5505738627615635,5.5505738627615635,111.85205126797356,111.85205126797356,111.85205126797356,0.0,0.0,0.0,7172.0,7171.853962295533,6548.669093675355,7795.0388309157115,360.22246741050793
2023-07-03,4901.011572647862,4901.011572647862,4901.011572647862,0.0,0.0,0.0,0.0,0.0,0.0,62.81173019221093,62.81173019221093,62.81173019221093,0.0,0.0,0.0,0.0,0.0,0.0,0.0,0.0,0.0,0.0,0.0,0.0,0.0,0.0,0.0,0.0,0.0,0.0,0.0,0.0,0.0,0.0,0.0,0.0,0.0,0.0,0.0,0.0,0.0,0.0,104.71936084645074,104.71936084645074,104.71936084645074,62.81173019221093,62.81173019221093,62.81173019221093,5.326229959986953,5.326229959986953,5.326229959986953,0.0,0.0,0.0,6439.0,6438.53350103632,5851.069992265564,7025.997009807075,339.5742825264484
2023-07-04,4659.377043395581,4659.377043395581,4659.377043395581,0.0,0.0,0.0,0.0,0.0,0.0,426.78090805941224,426.78090805941224,426.78090805941224,0.0,0.0,0.0,0.0,0.0,0.0,0.0,0.0,0.0,0.0,0.0,0.0,0.0,0.0,0.0,0.0,0.0,0.0,0.0,0.0,0.0,0.0,0.0,0.0,0.0,0.0,0.0,0.0,0.0,0.0,320.6616955885746,320.6616955885746,320.6616955885746,426.78090805941224,426.78090805941224,426.78090805941224,7.571561849045525,7.571561849045525,7.571561849045525,0.0,0.0,0.0,7426.0,7424.693105655819,6791.995178070786,8057.391033240851,365.7213454248743
2023-07-05,4423.85069400267,4423.85069400267,4423.85069400267,0.0,0.0,0.0,0.0,0.0,0.0,305.0589492983816,305.0589492983816,305.0589492983816,0.0,0.0,0.0,0.0,0.0,0.0,0.0,0.0,0.0,0.0,0.0,0.0,0.0,0.0,0.0,0.0,0.0,0.0,0.0,0.0,0.0,0.0,0.0,0.0,0.0,0.0,0.0,0.0,0.0,0.0,160.3993995709961,160.3993995709961,160.3993995709961,305.0589492983816,305.0589492983816,305.0589492983816,23.050065487525313,23.050065487525313,23.050065487525313,0.0,0.0,0.0,6270.0,6268.985081765888,5668.9356754013315,6869.0344881304445,346.8493678407843
2023-07-06,4194.432521779949,4194.432521779949,4194.432521779949,0.0,0.0,0.0,0.0,0.0,0.0,9.26452969607598,9.26452969607598,9.26452969607598,0.0,0.0,0.0,0.0,0.0,0.0,0.0,0.0,0.0,0.0,0.0,0.0,0.0,0.0,0.0,0.0,0.0,0.0,0.0,0.0,0.0,0.0,0.0,0.0,0.0,0.0,0.0,0.0,0.0,0.0,1.450951054640297,1.450951054640297,1.450951054640297,9.26452969607598,9.26452969607598,9.26452969607598,18.048250795731406,18.048250795731406,18.048250795731406,0.0,0.0,0.0,4040.0000000000005,4039.85890693429,3562.4208141997397,4517.296999668841,275.9757761471391
2023-07-07,3971.1225295617237,3971.1225295617237,3971.1225295617237,0.0,0.0,0.0,0.0,0.0,0.0,0.0,0.0,0.0,0.0,0.0,0.0,0.0,0.0,0.0,0.0,0.0,0.0,0.0,0.0,0.0,0.0,0.0,0.0,0.0,0.0,0.0,0.0,0.0,0.0,0.0,0.0,0.0,0.0,0.0,0.0,0.0,0.0,0.0,13.725309011089074,13.725309011089074,13.725309011089074,0.0,0.0,0.0,13.725309011089074,13.725309011089074,13.725309011089074,0.0,0.0,0.0,3375.9999999999995,3517.922217775956,3080.3202964698507,3955.5241390820615,252.94908746017654
2023-07-08,3753.920717347998,3753.920717347998,3753.920717347998,0.0,0.0,0.0,0.0,0.0,0.0,0.0,0.0,0.0,0.0,0.0,0.0,0.0,0.0,0.0,0.0,0.0,0.0,0.0,0.0,0.0,0.0,0.0,0.0,0.0,0.0,0.0,0.0,0.0,0.0,0.0,0.0,0.0,0.0,0.0,0.0,0.0,0.0,0.0,6.874420146362909,6.874420146362909,6.874420146362909,0.0,0.0,0.0,6.874420146362909,6.874420146362909,6.874420146362909,0.0,0.0,0.0,3944.9999999999995,4082.080233365216,3613.576638079689,4550.583828650743,270.8113267546399
2023-07-09,3783.1432666353166,3783.1432666353157,3783.1432666353157,0.0,0.0,0.0,0.0,0.0,0.0,0.0,0.0,0.0,0.0,0.0,0.0,0.0,0.0,0.0,0.0,0.0,0.0,0.0,0.0,0.0,0.0,0.0,0.0,0.0,0.0,0.0,0.0,0.0,0.0,0.0,0.0,0.0,0.0,0.0,0.0,0.0,0.0,0.0,111.85205126804969,111.85205126804969,111.85205126804969,0.0,0.0,0.0,111.85205126804969,111.85205126804969,111.85205126804969,0.0,0.0,0.0,4925.0,5195.9985225328855,4657.51118024655,5734.485864819221,311.2643597030841
2023-07-10,3812.4791174148286,3812.4791174148286,3812.4791174148286,0.0,0.0,0.0,0.0,0.0,0.0,0.0,0.0,0.0,0.0,0.0,0.0,0.0,0.0,0.0,0.0,0.0,0.0,0.0,0.0,0.0,0.0,0.0,0.0,0.0,0.0,0.0,0.0,0.0,0.0,0.0,0.0,0.0,0.0,0.0,0.0,0.0,0.0,0.0,5.326229959951307,5.326229959951307,5.326229959951307,0.0,0.0,0.0,5.326229959951307,5.326229959951307,5.326229959951307,0.0,0.0,0.0,4007.9999999999995,4102.804578930682,3612.9499080263517,4592.659249835011,283.15298896204035
2023-07-11,3841.9282696865375,3841.9282696865375,3841.9282696865375,0.0,0.0,0.0,0.0,0.0,0.0,0.0,0.0,0.0,0.0,0.0,0.0,0.0,0.0,0.0,0.0,0.0,0.0,0.0,0.0,0.0,0.0,0.0,0.0,0.0,0.0,0.0,0.0,0.0,0.0,0.0,0.0,0.0,0.0,0.0,0.0,0.0,0.0,0.0,7.571561849066008,7.571561849066008,7.571561849066008,0.0,0.0,0.0,7.571561849066008,7.571561849066008,7.571561849066008,0.0,0.0,0.0,3960.0000000000005,3508.3875478892555,3070.2261133614825,3946.5489824170286,253.27250550738333
2023-07-12,3871.490723450442,3871.490723450442,3871.490723450442,0.0,0.0,0.0,0.0,0.0,0.0,0.0,0.0,0.0,0.0,0.0,0.0,0.0,0.0,0.0,0.0,0.0,0.0,0.0,0.0,0.0,0.0,0.0,0.0,0.0,0.0,0.0,0.0,0.0,0.0,0.0,0.0,0.0,0.0,0.0,0.0,0.0,0.0,0.0,23.05006548757469,23.05006548757469,23.05006548757469,0.0,0.0,0.0,23.05006548757469,23.05006548757469,23.05006548757469,0.0,0.0,0.0,3721.9999999999995,3297.0858041564998,2868.369449923002,3725.8021583899977,247.81292152225316
2023-07-13,3794.5428009287457,3794.5428009287457,3794.5428009287457,0.0,0.0,0.0,0.0,0.0,0.0,0.0,0.0,0.0,0.0,0.0,0.0,0.0,0.0,0.0,0.0,0.0,0.0,0.0,0.0,0.0,0.0,0.0,0.0,0.0,0.0,0.0,0.0,0.0,0.0,0.0,0.0,0.0,0.0,0.0,0.0,0.0,0.0,0.0,18.048250795630555,18.048250795630555,18.048250795630555,0.0,0.0,0.0,18.048250795630555,18.048250795630555,18.048250795630555,0.0,0.0,0.0,3319.0000000000005,3289.198808274337,2866.1568351820065,3712.2407813666673,244.53293242331247
2023-07-14,3718.3672637490067,3718.3672637490067,3718.3672637490067,0.0,0.0,0.0,0.0,0.0,0.0,0.0,0.0,0.0,0.0,0.0,0.0,0.0,0.0,0.0,0.0,0.0,0.0,0.0,0.0,0.0,0.0,0.0,0.0,0.0,0.0,0.0,0.0,0.0,0.0,0.0,0.0,0.0,0.0,0.0,0.0,0.0,0.0,0.0,13.725309011054103,13.725309011054103,13.725309011054103,0.0,0.0,0.0,13.725309011054103,13.725309011054103,13.725309011054103,0.0,0.0,0.0,3107.999999999999,3280.270750748141,2855.1266490897533,3705.4148524065286,245.7480356406865
2023-07-15,3642.9641119112252,3642.9641119112252,3642.9641119112252,0.0,0.0,0.0,0.0,0.0,0.0,0.0,0.0,0.0,0.0,0.0,0.0,0.0,0.0,0.0,0.0,0.0,0.0,0.0,0.0,0.0,0.0,0.0,0.0,0.0,0.0,0.0,0.0,0.0,0.0,0.0,0.0,0.0,0.0,0.0,0.0,0.0,0.0,0.0,6.874420146425755,6.874420146425755,6.874420146425755,0.0,0.0,0.0,6.874420146425755,6.874420146425755,6.874420146425755,0.0,0.0,0.0,3410.0,3966.3398172596453,3510.7222579503573,4421.957376568934,263.3627510458313
2023-07-16,3568.3333454154013,3568.3333454154013,3568.3333454154013,0.0,0.0,0.0,0.0,0.0,0.0,0.0,0.0,0.0,0.0,0.0,0.0,0.0,0.0,0.0,0.0,0.0,0.0,0.0,0.0,0.0,0.0,0.0,0.0,0.0,0.0,0.0,0.0,0.0,0.0,0.0,0.0,0.0,0.0,0.0,0.0,0.0,0.0,0.0,111.85205126800092,111.85205126800092,111.85205126800092,0.0,0.0,0.0,111.85205126800092,111.85205126800092,111.85205126800092,0.0,0.0,0.0,4810.999999999999,4943.71284678921,4411.929545507333,5475.496148071086,307.3891914924144
2023-07-17,3656.458593319586,3656.458593319586,3656.458593319586,0.0,0.0,0.0,0.0,0.0,0.0,0.0,0.0,0.0,0.0,0.0,0.0,0.0,0.0,0.0,0.0,0.0,0.0,0.0,0.0,0.0,0.0,0.0,0.0,0.0,0.0,0.0,0.0,0.0,0.0,0.0,0.0,0.0,0.0,0.0,0.0,0.0,0.0,0.0,5.326229959920546,5.326229959920546,5.326229959920546,0.0,0.0,0.0,5.326229959920546,5.326229959920546,5.326229959920546,0.0,0.0,0.0,3864.0000000000005,3940.891536254653,3469.4718571394114,4412.311215369895,272.4969243440703
2023-07-18,3745.6587992665386,3745.6587992665386,3745.6587992665386,0.0,0.0,0.0,0.0,0.0,0.0,0.0,0.0,0.0,0.0,0.0,0.0,0.0,0.0,0.0,0.0,0.0,0.0,0.0,0.0,0.0,0.0,0.0,0.0,0.0,0.0,0.0,0.0,0.0,0.0,0.0,0.0,0.0,0.0,0.0,0.0,0.0,0.0,0.0,7.5715618490864935,7.5715618490864935,7.5715618490864935,0.0,0.0,0.0,7.5715618490864935,7.5715618490864935,7.5715618490864935,0.0,0.0,0.0,3799.0000000000005,3416.4189167481773,2961.0958461853925,3871.741987310962,263.19252633686995
2023-07-19,3835.933963256261,3835.933963256261,3835.933963256261,0.0,0.0,0.0,0.0,0.0,0.0,0.0,0.0,0.0,0.0,0.0,0.0,0.0,0.0,0.0,0.0,0.0,0.0,0.0,0.0,0.0,0.0,0.0,0.0,0.0,0.0,0.0,0.0,0.0,0.0,0.0,0.0,0.0,0.0,0.0,0.0,0.0,0.0,0.0,23.050065487592608,23.050065487592608,23.050065487592608,0.0,0.0,0.0,23.050065487592608,23.050065487592608,23.050065487592608,0.0,0.0,0.0,3626.0000000000005,3264.2789621465113,2843.626323156557,3684.9316011364654,243.15181444506027
2023-07-20,3730.48213153331,3730.48213153331,3730.48213153331,0.0,0.0,0.0,0.0,0.0,0.0,0.0,0.0,0.0,0.0,0.0,0.0,0.0,0.0,0.0,0.0,0.0,0.0,0.0,0.0,0.0,0.0,0.0,0.0,0.0,0.0,0.0,0.0,0.0,0.0,0.0,0.0,0.0,0.0,0.0,0.0,0.0,0.0,0.0,18.048250795733807,18.048250795733807,18.048250795733807,0.0,0.0,0.0,18.048250795733807,18.048250795733807,18.048250795733807,0.0,0.0,0.0,3231.0,3229.574981166605,2807.242576261777,3651.9073860714334,244.12277740163495
2023-07-21,3626.5000351123676,3626.5000351123676,3626.5000351123676,0.0,0.0,0.0,0.0,0.0,0.0,0.0,0.0,0.0,0.0,0.0,0.0,0.0,0.0,0.0,0.0,0.0,0.0,0.0,0.0,0.0,0.0,0.0,0.0,0.0,0.0,0.0,0.0,0.0,0.0,0.0,0.0,0.0,0.0,0.0,0.0,0.0,0.0,0.0,13.725309011082423,13.725309011082423,13.725309011082423,0.0,0.0,0.0,13.725309011082423,13.725309011082423,13.725309011082423,0.0,0.0,0.0,3212.0,3194.0198595734796,2770.51211641367,3617.5276027332893,244.80216367619064
2023-07-22,3523.9876739934316,3523.9876739934316,3523.9876739934316,0.0,0.0,0.0,0.0,0.0,0.0,0.0,0.0,0.0,0.0,0.0,0.0,0.0,0.0,0.0,0.0,0.0,0.0,0.0,0.0,0.0,0.0,0.0,0.0,0.0,0.0,0.0,0.0,0.0,0.0,0.0,0.0,0.0,0.0,0.0,0.0,0.0,0.0,0.0,6.874420146421707,6.874420146421707,6.874420146421707,0.0,0.0,0.0,6.874420146421707,6.874420146421707,6.874420146421707,0.0,0.0,0.0,3523.0000000000005,3842.1521316408443,3395.615917706722,4288.688345574967,258.11341845903013
2023-07-23,3422.945048176503,3422.945048176503,3422.945048176503,0.0,0.0,0.0,0.0,0.0,0.0,0.0,0.0,0.0,0.0,0.0,0.0,0.0,0.0,0.0,0.0,0.0,0.0,0.0,0.0,0.0,0.0,0.0,0.0,0.0,0.0,0.0,0.0,0.0,0.0,0.0,0.0,0.0,0.0,0.0,0.0,0.0,0.0,0.0,111.85205126795505,111.85205126795505,111.85205126795505,0.0,0.0,0.0,111.85205126795505,111.85205126795505,111.85205126795505,0.0,0.0,0.0,4461.999999999999,4772.316271039034,4237.212070901457,5307.4204711766115,309.30878620669193
2023-07-24,3472.531404932982,3472.531404932982,3472.531404932982,0.0,0.0,0.0,0.0,0.0,0.0,0.0,0.0,0.0,0.0,0.0,0.0,0.0,0.0,0.0,0.0,0.0,0.0,0.0,0.0,0.0,0.0,0.0,0.0,0.0,0.0,0.0,0.0,0.0,0.0,0.0,0.0,0.0,0.0,0.0,0.0,0.0,0.0,0.0,5.326229960065323,5.326229960065323,5.326229960065323,0.0,0.0,0.0,5.326229960065323,5.326229960065323,5.326229960065323,0.0,0.0,0.0,3814.0,3749.853964325793,3277.1193780415197,4222.588550610067,273.25698629148764
2023-07-25,3522.4743488784266,3522.4743488784266,3522.4743488784266,0.0,0.0,0.0,0.0,0.0,0.0,0.0,0.0,0.0,0.0,0.0,0.0,0.0,0.0,0.0,0.0,0.0,0.0,0.0,0.0,0.0,0.0,0.0,0.0,0.0,0.0,0.0,0.0,0.0,0.0,0.0,0.0,0.0,0.0,0.0,0.0,0.0,0.0,0.0,7.571561849106976,7.571561849106976,7.571561849106976,0.0,0.0,0.0,7.571561849106976,7.571561849106976,7.571561849106976,0.0,0.0,0.0,3287.0000000000005,3203.42299423559,2767.1967280171566,3639.6492604540235,252.15391110892108
2023-07-26,3572.773880012833,3572.773880012833,3572.773880012833,0.0,0.0,0.0,0.0,0.0,0.0,0.0,0.0,0.0,0.0,0.0,0.0,0.0,0.0,0.0,0.0,0.0,0.0,0.0,0.0,0.0,0.0,0.0,0.0,0.0,0.0,0.0,0.0,0.0,0.0,0.0,0.0,0.0,0.0,0.0,0.0,0.0,0.0,0.0,23.05006548756808,23.05006548756808,23.05006548756808,0.0,0.0,0.0,23.05006548756808,23.05006548756808,23.05006548756808,0.0,0.0,0.0,3058.9999999999995,3021.8808406317444,2613.9831564938595,3429.7785247696293,235.77900817218773
2023-07-27,3623.429998336207,3623.429998336207,3623.429998336207,0.0,0.0,0.0,0.0,0.0,0.0,0.0,0.0,0.0,0.0,0.0,0.0,0.0,0.0,0.0,0.0,0.0,0.0,0.0,0.0,0.0,0.0,0.0,0.0,0.0,0.0,0.0,0.0,0.0,0.0,0.0,0.0,0.0,0.0,0.0,0.0,0.0,0.0,0.0,18.048250795683916,18.048250795683916,18.048250795683916,0.0,0.0,0.0,18.048250795683916,18.048250795683916,18.048250795683916,0.0,0.0,0.0,3067.000000000001,3130.0231744652046,2718.844307806157,3541.2020411242524,237.67564546765774
2023-07-28,3674.4427027066763,3674.4427027066763,3674.4427027066763,0.0,0.0,0.0,0.0,0.0,0.0,0.0,0.0,0.0,0.0,0.0,0.0,0.0,0.0,0.0,0.0,0.0,0.0,0.0,0.0,0.0,0.0,0.0,0.0,0.0,0.0,0.0,0.0,0.0,0.0,0.0,0.0,0.0,0.0,0.0,0.0,0.0,0.0,0.0,13.725309011047472,13.725309011047472,13.725309011047472,0.0,0.0,0.0,13.725309011047472,13.725309011047472,13.725309011047472,0.0,0.0,0.0,3256.0,3239.022772232599,2831.8428491646537,3646.2026953005443,235.3641173803153
2023-07-29,3725.811994250202,3725.811994250202,3725.811994250202,0.0,0.0,0.0,0.0,0.0,0.0,0.0,0.0,0.0,0.0,0.0,0.0,0.0,0.0,0.0,0.0,0.0,0.0,0.0,0.0,0.0,0.0,0.0,0.0,0.0,0.0,0.0,0.0,0.0,0.0,0.0,0.0,0.0,0.0,0.0,0.0,0.0,0.0,0.0,6.874420146484548,6.874420146484548,6.874420146484548,0.0,0.0,0.0,6.874420146484548,6.874420146484548,6.874420146484548,0.0,0.0,0.0,4258.000000000001,4052.766385874362,3563.6560850162996,4541.876686732425,282.7227172589957
2023-07-30,3777.537872966786,3777.537872966786,3777.537872966786,0.0,0.0,0.0,0.0,0.0,0.0,0.0,0.0,0.0,0.0,0.0,0.0,0.0,0.0,0.0,0.0,0.0,0.0,0.0,0.0,0.0,0.0,0.0,0.0,0.0,0.0,0.0,0.0,0.0,0.0,0.0,0.0,0.0,0.0,0.0,0.0,0.0,0.0,0.0,111.85205126796876,111.85205126796876,111.85205126796876,0.0,0.0,0.0,111.85205126796876,111.85205126796876,111.85205126796876,0.0,0.0,0.0,5016.000000000001,5189.428938778203,4648.010391466565,5730.8474860898405,312.9586978679985
2023-07-31,3719.308636904283,3719.308636904283,3719.308636904283,0.0,0.0,0.0,0.0,0.0,0.0,0.0,0.0,0.0,0.0,0.0,0.0,0.0,0.0,0.0,0.0,0.0,0.0,0.0,0.0,0.0,0.0,0.0,0.0,0.0,0.0,0.0,0.0,0.0,0.0,0.0,0.0,0.0,0.0,0.0,0.0,0.0,0.0,0.0,5.326229960034562,5.326229960034562,5.326229960034562,0.0,0.0,0.0,5.326229960034562,5.326229960034562,5.326229960034562,0.0,0.0,0.0,4031.0000000000014,4006.130110820551,3529.590340461486,4482.669881179616,275.4565146584191
2023-08-01,3661.531683687361,3661.531683687361,3661.531683687361,0.0,0.0,0.0,0.0,0.0,0.0,0.0,0.0,0.0,0.0,0.0,0.0,0.0,0.0,0.0,0.0,0.0,0.0,0.0,0.0,0.0,0.0,0.0,0.0,0.0,0.0,0.0,0.0,0.0,0.0,0.0,0.0,0.0,0.0,0.0,0.0,0.0,0.0,0.0,7.571561849100717,7.571561849100717,7.571561849100717,0.0,0.0,0.0,7.571561849100717,7.571561849100717,7.571561849100717,0.0,0.0,0.0,3586.0,3336.095656400834,2899.9254207170275,3772.26589208464,252.1215235166511
2023-08-02,3604.2070133160178,3604.2070133160178,3604.2070133160178,0.0,0.0,0.0,0.0,0.0,0.0,0.0,0.0,0.0,0.0,0.0,0.0,0.0,0.0,0.0,0.0,0.0,0.0,0.0,0.0,0.0,0.0,0.0,0.0,0.0,0.0,0.0,0.0,0.0,0.0,0.0,0.0,0.0,0.0,0.0,0.0,0.0,0.0,0.0,23.050065487543545,23.050065487543545,23.050065487543545,0.0,0.0,0.0,23.050065487543545,23.050065487543545,23.050065487543545,0.0,0.0,0.0,3012.0000000000005,3050.7947376654847,2627.1855864973527,3474.4038888336167,244.8607810220416
2023-08-03,3547.334625790256,3547.334625790256,3547.334625790256,0.0,0.0,0.0,0.0,0.0,0.0,0.0,0.0,0.0,0.0,0.0,0.0,0.0,0.0,0.0,0.0,0.0,0.0,0.0,0.0,0.0,0.0,0.0,0.0,0.0,0.0,0.0,0.0,0.0,0.0,0.0,0.0,0.0,0.0,0.0,0.0,0.0,0.0,0.0,18.048250795634033,18.048250795634033,18.048250795634033,0.0,0.0,0.0,18.048250795634033,18.048250795634033,18.048250795634033,0.0,0.0,0.0,3238.0000000000005,3059.326812568081,2640.5906635264,3478.062961609762,242.04401678709897
2023-08-04,3490.8959747626436,3490.8959747626436,3490.8959747626436,0.0,0.0,0.0,0.0,0.0,0.0,0.0,0.0,0.0,0.0,0.0,0.0,0.0,0.0,0.0,0.0,0.0,0.0,0.0,0.0,0.0,0.0,0.0,0.0,0.0,0.0,0.0,0.0,0.0,0.0,0.0,0.0,0.0,0.0,0.0,0.0,0.0,0.0,0.0,13.725309011125713,13.725309011125713,13.725309011125713,0.0,0.0,0.0,13.725309011125713,13.725309011125713,13.725309011125713,0.0,0.0,0.0,3058.0000000000005,3066.837656947401,2660.039090374988,3473.6362235198135,235.14368009966046
2023-08-05,3434.909905174615,3434.909905174615,3434.909905174615,0.0,0.0,0.0,0.0,0.0,0.0,0.0,0.0,0.0,0.0,0.0,0.0,0.0,0.0,0.0,0.0,0.0,0.0,0.0,0.0,0.0,0.0,0.0,0.0,0.0,0.0,0.0,0.0,0.0,0.0,0.0,0.0,0.0,0.0,0.0,0.0,0.0,0.0,0.0,6.874420146513948,6.874420146513948,6.874420146513948,0.0,0.0,0.0,6.874420146513948,6.874420146513948,6.874420146513948,0.0,0.0,0.0,3534.0000000000005,3749.1148565320236,3294.606216582359,4203.623496481689,262.72175719633793
2023-08-06,3379.376417026167,3379.376417026167,3379.376417026167,0.0,0.0,0.0,0.0,0.0,0.0,0.0,0.0,0.0,0.0,0.0,0.0,0.0,0.0,0.0,0.0,0.0,0.0,0.0,0.0,0.0,0.0,0.0,0.0,0.0,0.0,0.0,0.0,0.0,0.0,0.0,0.0,0.0,0.0,0.0,0.0,0.0,0.0,0.0,111.85205126798243,111.85205126798243,111.85205126798243,0.0,0.0,0.0,111.85205126798243,111.85205126798243,111.85205126798243,0.0,0.0,0.0,4515.999999999999,4720.846594788747,4226.152670291943,5215.540519285551,285.9502453738753
2023-08-07,3324.295510317303,3324.295510317303,3324.295510317303,0.0,0.0,0.0,0.0,0.0,0.0,0.0,0.0,0.0,0.0,0.0,0.0,0.0,0.0,0.0,0.0,0.0,0.0,0.0,0.0,0.0,0.0,0.0,0.0,0.0,0.0,0.0,0.0,0.0,0.0,0.0,0.0,0.0,0.0,0.0,0.0,0.0,0.0,0.0,5.326229959998917,5.326229959998917,5.326229959998917,0.0,0.0,0.0,5.326229959998917,5.326229959998917,5.326229959998917,0.0,0.0,0.0,3371.9999999999995,3595.7492461307324,3147.908160530086,4043.5903317313787,258.86767953794566
2023-08-08,3286.1468739396078,3286.1468739396078,3286.1468739396078,0.0,0.0,0.0,0.0,0.0,0.0,0.0,0.0,0.0,0.0,0.0,0.0,0.0,0.0,0.0,0.0,0.0,0.0,0.0,0.0,0.0,0.0,0.0,0.0,0.0,0.0,0.0,0.0,0.0,0.0,0.0,0.0,0.0,0.0,0.0,0.0,0.0,0.0,0.0,7.571561849147944,7.571561849147944,7.571561849147944,0.0,0.0,0.0,7.571561849147944,7.571561849147944,7.571561849147944,0.0,0.0,0.0,3013.0,2978.242514036125,2565.143991796985,3391.341036275265,238.78527297060126
2023-08-09,3248.2183938676626,3248.2183938676626,3248.2183938676626,0.0,0.0,0.0,0.0,0.0,0.0,0.0,0.0,0.0,0.0,0.0,0.0,0.0,0.0,0.0,0.0,0.0,0.0,0.0,0.0,0.0,0.0,0.0,0.0,0.0,0.0,0.0,0.0,0.0,0.0,0.0,0.0,0.0,0.0,0.0,0.0,0.0,0.0,0.0,23.050065487635386,23.050065487635386,23.050065487635386,0.0,0.0,0.0,23.050065487635386,23.050065487635386,23.050065487635386,0.0,0.0,0.0,2759.0,2724.014782540637,2338.8262745643633,3109.203290516911,222.65231674929126
2023-08-10,3210.510070101463,3210.510070101463,3210.510070101463,0.0,0.0,0.0,0.0,0.0,0.0,0.0,0.0,0.0,0.0,0.0,0.0,0.0,0.0,0.0,0.0,0.0,0.0,0.0,0.0,0.0,0.0,0.0,0.0,0.0,0.0,0.0,0.0,0.0,0.0,0.0,0.0,0.0,0.0,0.0,0.0,0.0,0.0,0.0,18.048250795737292,18.048250795737292,18.048250795737292,0.0,0.0,0.0,18.048250795737292,18.048250795737292,18.048250795737292,0.0,0.0,0.0,2862.9999999999995,2747.126743505641,2339.050606202203,3155.202880809079,235.88216029100462
2023-08-11,3173.021902641014,3173.021902641014,3173.021902641014,0.0,0.0,0.0,0.0,0.0,0.0,0.0,0.0,0.0,0.0,0.0,0.0,0.0,0.0,0.0,0.0,0.0,0.0,0.0,0.0,0.0,0.0,0.0,0.0,0.0,0.0,0.0,0.0,0.0,0.0,0.0,0.0,0.0,0.0,0.0,0.0,0.0,0.0,0.0,13.725309011090754,13.725309011090754,13.725309011090754,0.0,0.0,0.0,13.725309011090754,13.725309011090754,13.725309011090754,0.0,0.0,0.0,3272.9999999999995,2769.3710929643817,2378.9803884997154,3159.761797429048,225.65936674258168
2023-08-12,3135.730275251187,3135.730275251187,3135.730275251187,0.0,0.0,0.0,0.0,0.0,0.0,0.0,0.0,0.0,0.0,0.0,0.0,0.0,0.0,0.0,0.0,0.0,0.0,0.0,0.0,0.0,0.0,0.0,0.0,0.0,0.0,0.0,0.0,0.0,0.0,0.0,0.0,0.0,0.0,0.0,0.0,0.0,0.0,0.0,6.874420146543343,6.874420146543343,6.874420146543343,0.0,0.0,0.0,6.874420146543343,6.874420146543343,6.874420146543343,0.0,0.0,0.0,3156.000000000001,3436.2461596245157,3007.3761126864656,3865.116206562566,247.90176123586724
2023-08-13,3098.659084103298,3098.659084103298,3098.659084103298,0.0,0.0,0.0,0.0,0.0,0.0,0.0,0.0,0.0,0.0,0.0,0.0,0.0,0.0,0.0,0.0,0.0,0.0,0.0,0.0,0.0,0.0,0.0,0.0,0.0,0.0,0.0,0.0,0.0,0.0,0.0,0.0,0.0,0.0,0.0,0.0,0.0,0.0,0.0,111.85205126799607,111.85205126799607,111.85205126799607,0.0,0.0,0.0,111.85205126799607,111.85205126799607,111.85205126799607,0.0,0.0,0.0,4414.000000000001,4387.951366953627,3920.0618213970515,4855.840912510203,270.4563847147838
2023-08-14,3061.808329197351,3061.808329197351,3061.808329197351,0.0,0.0,0.0,0.0,0.0,0.0,0.0,0.0,0.0,0.0,0.0,0.0,0.0,0.0,0.0,0.0,0.0,0.0,0.0,0.0,0.0,0.0,0.0,0.0,0.0,0.0,0.0,0.0,0.0,0.0,0.0,0.0,0.0,0.0,0.0,0.0,0.0,0.0,0.0,5.326229959973043,5.326229959973043,5.326229959973043,0.0,0.0,0.0,5.326229959973043,5.326229959973043,5.326229959973043,0.0,0.0,0.0,3421.000000000001,3322.5392987740033,2893.11070612067,3751.967891427337,248.22462003082856
2023-08-15,3388.5623174383763,3388.5623174383763,3388.5623174383763,0.0,0.0,0.0,0.0,0.0,0.0,0.0,0.0,0.0,0.0,0.0,0.0,0.0,0.0,0.0,0.0,0.0,0.0,0.0,0.0,0.0,0.0,0.0,0.0,0.0,0.0,0.0,0.0,0.0,0.0,0.0,0.0,0.0,0.0,0.0,0.0,0.0,0.0,0.0,7.571561849062401,7.571561849062401,7.571561849062401,0.0,0.0,0.0,7.571561849062401,7.571561849062401,7.571561849062401,0.0,0.0,0.0,2923.000000000001,3075.7796430683,2666.5718027412063,3484.987483395394,236.53632388849368
2023-08-16,3731.87919128381,3731.87919128381,3731.87919128381,0.0,0.0,0.0,0.0,0.0,0.0,0.0,0.0,0.0,0.0,0.0,0.0,0.0,0.0,0.0,0.0,0.0,0.0,0.0,0.0,0.0,0.0,0.0,0.0,0.0,0.0,0.0,0.0,0.0,0.0,0.0,0.0,0.0,0.0,0.0,0.0,0.0,0.0,0.0,23.050065487610844,23.050065487610844,23.050065487610844,0.0,0.0,0.0,23.050065487610844,23.050065487610844,23.050065487610844,0.0,0.0,0.0,2801.0,3168.3457256321844,2745.4853870307757,3591.206064233593,244.42794138809745
2023-08-17,4091.758950733668,4091.758950733668,4091.758950733668,0.0,0.0,0.0,0.0,0.0,0.0,0.0,0.0,0.0,0.0,0.0,0.0,0.0,0.0,0.0,0.0,0.0,0.0,0.0,0.0,0.0,0.0,0.0,0.0,0.0,0.0,0.0,0.0,0.0,0.0,0.0,0.0,0.0,0.0,0.0,0.0,0.0,0.0,0.0,18.0482507956874,18.0482507956874,18.0482507956874,0.0,0.0,0.0,18.0482507956874,18.0482507956874,18.0482507956874,0.0,0.0,0.0,2811.0000000000005,3566.3034140969585,3112.760669420587,4019.84615877333,262.16343622911654
2023-08-18,4468.201595787931,4468.201595787931,4468.201595787931,0.0,0.0,0.0,0.0,0.0,0.0,0.0,0.0,0.0,0.0,0.0,0.0,0.0,0.0,0.0,0.0,0.0,0.0,0.0,0.0,0.0,0.0,0.0,0.0,0.0,0.0,0.0,0.0,0.0,0.0,0.0,0.0,0.0,0.0,0.0,0.0,0.0,0.0,0.0,13.72530901111907,13.72530901111907,13.72530901111907,0.0,0.0,0.0,13.72530901111907,13.72530901111907,13.72530901111907,0.0,0.0,0.0,4017.0000000000005,3986.639321162373,3508.412885712742,4464.865756612005,276.4314655778215
2023-08-19,4277.988775362968,4277.988775362968,4277.988775362968,0.0,0.0,0.0,0.0,0.0,0.0,0.0,0.0,0.0,0.0,0.0,0.0,0.0,0.0,0.0,0.0,0.0,0.0,0.0,0.0,0.0,0.0,0.0,0.0,0.0,0.0,0.0,0.0,0.0,0.0,0.0,0.0,0.0,0.0,0.0,0.0,0.0,0.0,0.0,6.874420146572744,6.874420146572744,6.874420146572744,0.0,0.0,0.0,6.874420146572744,6.874420146572744,6.874420146572744,0.0,0.0,0.0,5438.000000000001,4627.842449833574,4152.621485378675,5103.063414288474,274.69419910687816
2023-08-20,4091.9132072424572,4091.9132072424572,4091.9132072424572,0.0,0.0,0.0,0.0,0.0,0.0,0.0,0.0,0.0,0.0,0.0,0.0,0.0,0.0,0.0,0.0,0.0,0.0,0.0,0.0,0.0,0.0,0.0,0.0,0.0,0.0,0.0,0.0,0.0,0.0,0.0,0.0,0.0,0.0,0.0,0.0,0.0,0.0,0.0,111.85205126795023,111.85205126795023,111.85205126795023,0.0,0.0,0.0,111.85205126795023,111.85205126795023,111.85205126795023,0.0,0.0,0.0,6936.999999999999,5556.819412401502,5013.54049641973,6100.098328383274,314.0340554807931
2023-08-21,3909.974891426389,3909.974891426389,3909.974891426389,0.0,0.0,0.0,0.0,0.0,0.0,0.0,0.0,0.0,0.0,0.0,0.0,0.0,0.0,0.0,0.0,0.0,0.0,0.0,0.0,0.0,0.0,0.0,0.0,0.0,0.0,0.0,0.0,0.0,0.0,0.0,0.0,0.0,0.0,0.0,0.0,0.0,0.0,0.0,5.3262299599373915,5.3262299599373915,5.3262299599373915,0.0,0.0,0.0,5.3262299599373915,5.3262299599373915,5.3262299599373915,0.0,0.0,0.0,4364.999999999999,4203.921463076363,3707.6387305210988,4700.204195631626,286.86863153483455
2023-08-22,3732.1738279147685,3732.1738279147685,3732.1738279147685,0.0,0.0,0.0,0.0,0.0,0.0,0.0,0.0,0.0,0.0,0.0,0.0,0.0,0.0,0.0,0.0,0.0,0.0,0.0,0.0,0.0,0.0,0.0,0.0,0.0,0.0,0.0,0.0,0.0,0.0,0.0,0.0,0.0,0.0,0.0,0.0,0.0,0.0,0.0,7.571561849082883,7.571561849082883,7.571561849082883,0.0,0.0,0.0,7.571561849082883,7.571561849082883,7.571561849082883,0.0,0.0,0.0,2895.0,3403.5407796254112,2957.8545634987104,3849.226995752112,257.62209024664776
2023-08-23,3558.460635721613,3558.460635721613,3558.460635721613,0.0,0.0,0.0,0.0,0.0,0.0,0.0,0.0,0.0,0.0,0.0,0.0,0.0,0.0,0.0,0.0,0.0,0.0,0.0,0.0,0.0,0.0,0.0,0.0,0.0,0.0,0.0,0.0,0.0,0.0,0.0,0.0,0.0,0.0,0.0,0.0,0.0,0.0,0.0,23.050065487586306,23.050065487586306,23.050065487586306,0.0,0.0,0.0,23.050065487586306,23.050065487586306,23.050065487586306,0.0,0.0,0.0,3051.0000000000005,3008.718415338025,2599.211856125375,3418.2249745506747,236.70899376453755
2023-08-24,3388.887077388114,3388.887077388114,3388.887077388114,0.0,0.0,0.0,0.0,0.0,0.0,0.0,0.0,0.0,0.0,0.0,0.0,0.0,0.0,0.0,0.0,0.0,0.0,0.0,0.0,0.0,0.0,0.0,0.0,0.0,0.0,0.0,0.0,0.0,0.0,0.0,0.0,0.0,0.0,0.0,0.0,0.0,0.0,0.0,18.048250795714086,18.048250795714086,18.048250795714086,0.0,0.0,0.0,18.048250795714086,18.048250795714086,18.048250795714086,0.0,0.0,0.0,2753.0,2912.310282756263,2491.9184815665553,3332.7020839459706,243.00104115012
2023-08-25,3223.453152914275,3223.453152914275,3223.453152914275,0.0,0.0,0.0,0.0,0.0,0.0,0.0,0.0,0.0,0.0,0.0,0.0,0.0,0.0,0.0,0.0,0.0,0.0,0.0,0.0,0.0,0.0,0.0,0.0,0.0,0.0,0.0,0.0,0.0,0.0,0.0,0.0,0.0,0.0,0.0,0.0,0.0,0.0,0.0,13.725309011020832,13.725309011020832,13.725309011020832,0.0,0.0,0.0,13.725309011020832,13.725309011020832,13.725309011020832,0.0,0.0,0.0,2809.0,2816.4985807505586,2433.760891260387,3199.2362702407304,221.2356586648391
2023-08-26,3282.6425028934145,3282.6425028934145,3282.6425028934145,0.0,0.0,0.0,0.0,0.0,0.0,0.0,0.0,0.0,0.0,0.0,0.0,0.0,0.0,0.0,0.0,0.0,0.0,0.0,0.0,0.0,0.0,0.0,0.0,0.0,0.0,0.0,0.0,0.0,0.0,0.0,0.0,0.0,0.0,0.0,0.0,0.0,0.0,0.0,6.874420146431751,6.874420146431751,6.874420146431751,0.0,0.0,0.0,6.874420146431751,6.874420146431751,6.874420146431751,0.0,0.0,0.0,3371.9999999999995,3589.9583566366364,3145.695926727896,4034.2207865453765,256.7990924327979
2023-08-27,3342.3703404430566,3342.3703404430566,3342.3703404430566,0.0,0.0,0.0,0.0,0.0,0.0,0.0,0.0,0.0,0.0,0.0,0.0,0.0,0.0,0.0,0.0,0.0,0.0,0.0,0.0,0.0,0.0,0.0,0.0,0.0,0.0,0.0,0.0,0.0,0.0,0.0,0.0,0.0,0.0,0.0,0.0,0.0,0.0,0.0,111.8520512680264,111.8520512680264,111.8520512680264,0.0,0.0,0.0,111.8520512680264,111.8520512680264,111.8520512680264,0.0,0.0,0.0,4550.999999999999,4677.089479625329,4167.431832954803,5186.747126295854,294.5997957633094
2023-08-28,3402.636665563206,3402.636665563206,3402.636665563206,0.0,0.0,0.0,0.0,0.0,0.0,0.0,0.0,0.0,0.0,0.0,0.0,0.0,0.0,0.0,0.0,0.0,0.0,0.0,0.0,0.0,0.0,0.0,0.0,0.0,0.0,0.0,0.0,0.0,0.0,0.0,0.0,0.0,0.0,0.0,0.0,0.0,0.0,0.0,5.326229959901747,5.326229959901747,5.326229959901747,0.0,0.0,0.0,5.326229959901747,5.326229959901747,5.326229959901747,0.0,0.0,0.0,3970.0000000000005,3677.2079537936943,3216.2546218324705,4138.161285754918,266.4470126943491
2023-08-29,3463.4414782538597,3463.4414782538597,3463.4414782538597,0.0,0.0,0.0,0.0,0.0,0.0,0.0,0.0,0.0,0.0,0.0,0.0,0.0,0.0,0.0,0.0,0.0,0.0,0.0,0.0,0.0,0.0,0.0,0.0,0.0,0.0,0.0,0.0,0.0,0.0,0.0,0.0,0.0,0.0,0.0,0.0,0.0,0.0,0.0,7.571561849103366,7.571561849103366,7.571561849103366,0.0,0.0,0.0,7.571561849103366,7.571561849103366,7.571561849103366,0.0,0.0,0.0,2785.0,3147.1386115764176,2715.75533356898,3578.521889583855,249.3544959580564
2023-08-30,3775.1303006289045,3775.1303006289045,3775.1303006289045,0.0,0.0,0.0,0.0,0.0,0.0,0.0,0.0,0.0,0.0,0.0,0.0,0.0,0.0,0.0,0.0,0.0,0.0,0.0,0.0,0.0,0.0,0.0,0.0,0.0,0.0,0.0,0.0,0.0,0.0,0.0,0.0,0.0,0.0,0.0,0.0,0.0,0.0,0.0,23.05006548756177,23.05006548756177,23.05006548756177,0.0,0.0,0.0,23.05006548756177,23.05006548756177,23.05006548756177,0.0,0.0,0.0,2980.0000000000005,3208.2074831681907,2786.3960500499393,3630.018916286442,243.8216376406077
2023-08-31,4100.24649494166,4100.24649494166,4100.24649494166,0.0,0.0,0.0,0.0,0.0,0.0,0.0,0.0,0.0,0.0,0.0,0.0,0.0,0.0,0.0,0.0,0.0,0.0,0.0,0.0,0.0,0.0,0.0,0.0,0.0,0.0,0.0,0.0,0.0,0.0,0.0,0.0,0.0,0.0,0.0,0.0,0.0,0.0,0.0,18.04825079568981,18.04825079568981,18.04825079568981,0.0,0.0,0.0,18.04825079568981,18.04825079568981,18.04825079568981,0.0,0.0,0.0,4037.0000000000005,3574.2275547954396,3125.4907377627965,4022.9643718280827,259.38544337147005
2023-09-01,4438.790061192118,4438.790061192118,4438.790061192118,0.0,0.0,0.0,0.0,0.0,0.0,0.0,0.0,0.0,0.0,0.0,0.0,0.0,0.0,0.0,0.0,0.0,0.0,0.0,0.0,0.0,0.0,0.0,0.0,0.0,0.0,0.0,0.0,0.0,0.0,0.0,0.0,0.0,0.0,0.0,0.0,0.0,0.0,0.0,13.725309011049154,13.725309011049154,13.725309011049154,0.0,0.0,0.0,13.725309011049154,13.725309011049154,13.725309011049154,0.0,0.0,0.0,4079.9999999999995,3958.8605708745854,3489.9051185522417,4427.816023196929,271.0725157932622
2023-09-02,4790.760999380281,4790.760999380281,4790.760999380281,0.0,0.0,0.0,0.0,0.0,0.0,0.0,0.0,0.0,0.0,0.0,0.0,8.849273159036603,8.849273159036603,8.849273159036603,0.0,0.0,0.0,0.0,0.0,0.0,0.0,0.0,0.0,0.0,0.0,0.0,0.0,0.0,0.0,0.0,0.0,0.0,0.0,0.0,0.0,0.0,0.0,0.0,31.322875551502715,31.322875551502715,31.322875551502715,8.849273159036603,8.849273159036603,8.849273159036603,6.874420146461149,6.874420146461149,6.874420146461149,0.0,0.0,0.0,5596.999999999999,5596.836507920098,5040.781052939062,6152.891962901133,321.4193381393272
2023-09-03,5097.286410740461,5097.286410740461,5097.286410740461,0.0,0.0,0.0,0.0,0.0,0.0,0.0,0.0,0.0,0.0,0.0,0.0,1.2803682748554164,1.2803682748554164,1.2803682748554164,0.0,0.0,0.0,0.0,0.0,0.0,0.0,0.0,0.0,0.0,0.0,0.0,0.0,0.0,0.0,0.0,0.0,0.0,0.0,0.0,0.0,0.0,0.0,0.0,89.19819150673207,89.19819150673207,89.19819150673207,1.2803682748554164,1.2803682748554164,1.2803682748554164,111.85205126797763,111.85205126797763,111.85205126797763,0.0,0.0,0.0,6535.0,6535.067160980459,5939.308971830623,7130.825350130296,344.3688954623334
2023-09-04,5413.316267977009,5413.316267977009,5413.316267977009,0.0,0.0,0.0,0.0,0.0,0.0,0.0,0.0,0.0,0.0,0.0,0.0,45.91916806025681,45.91916806025681,45.91916806025681,0.0,0.0,0.0,0.0,0.0,0.0,0.0,0.0,0.0,0.0,0.0,0.0,0.0,0.0,0.0,0.0,0.0,0.0,0.0,0.0,0.0,0.0,0.0,0.0,82.52325271989203,82.52325271989203,82.52325271989203,45.91916806025681,45.91916806025681,45.91916806025681,5.326229959870986,5.326229959870986,5.326229959870986,0.0,0.0,0.0,6832.999999999999,6832.58851199627,6236.5567490917365,7428.620274900804,344.5270305806554
2023-09-05,5738.850571089914,5738.850571089913,5738.850571089913,0.0,0.0,0.0,0.0,0.0,0.0,0.0,0.0,0.0,0.0,0.0,0.0,0.32413672764396584,0.32413672764396584,0.32413672764396584,0.0,0.0,0.0,0.0,0.0,0.0,0.0,0.0,0.0,0.0,0.0,0.0,0.0,0.0,0.0,0.0,0.0,0.0,0.0,0.0,0.0,0.0,0.0,0.0,4.762507691406755,4.762507691406755,4.762507691406755,0.32413672764396584,0.32413672764396584,0.32413672764396584,7.571561849044567,7.571561849044567,7.571561849044567,0.0,0.0,0.0,5413.0,5412.969343110134,4870.031211686623,5955.907474533646,313.83707018700096
2023-09-06,6073.82472483516,6073.82472483516,6073.82472483516,0.0,0.0,0.0,0.0,0.0,0.0,0.0,0.0,0.0,0.0,0.0,0.0,390.07897719696587,390.07897719696587,390.07897719696587,0.0,0.0,0.0,0.0,0.0,0.0,0.0,0.0,0.0,0.0,0.0,0.0,0.0,0.0,0.0,0.0,0.0,0.0,0.0,0.0,0.0,0.0,0.0,0.0,602.7744588667821,602.7744588667821,602.7744588667821,390.07897719696587,390.07897719696587,390.07897719696587,23.05006548761115,23.05006548761115,23.05006548761115,0.0,0.0,0.0,2849.000000000001,2849.774697648684,2449.7517138942467,3249.7976814031217,231.22715823955926
2023-09-07,6418.299711145486,6418.299711145489,6418.299711145489,0.0,0.0,0.0,0.0,0.0,0.0,0.0,0.0,0.0,0.0,0.0,0.0,0.0,0.0,0.0,0.0,0.0,0.0,0.0,0.0,0.0,0.0,0.0,0.0,0.0,0.0,0.0,0.0,0.0,0.0,0.0,0.0,0.0,0.0,0.0,0.0,0.0,0.0,0.0,18.048250795716495,18.048250795716495,18.048250795716495,0.0,0.0,0.0,18.048250795716495,18.048250795716495,18.048250795716495,0.0,0.0,0.0,5773.449706763078,5755.645140237551,5194.765375327722,6316.524905147379,324.20795659527687
2023-09-08,6772.275530020883,6772.275530020883,6772.275530020883,0.0,0.0,0.0,0.0,0.0,0.0,0.0,0.0,0.0,0.0,0.0,0.0,0.0,0.0,0.0,0.0,0.0,0.0,0.0,0.0,0.0,0.0,0.0,0.0,0.0,0.0,0.0,0.0,0.0,0.0,0.0,0.0,0.0,0.0,0.0,0.0,0.0,0.0,0.0,13.72530901107747,13.72530901107747,13.72530901107747,0.0,0.0,0.0,13.72530901107747,13.72530901107747,13.72530901107747,0.0,0.0,0.0,6234.478904873947,6176.241626366189,5595.41461555975,6757.068637172628,335.73815653551384
2023-09-09,7135.75218146136,7135.75218146136,7135.75218146136,0.0,0.0,0.0,0.0,0.0,0.0,0.0,0.0,0.0,0.0,0.0,0.0,0.0,0.0,0.0,0.0,0.0,0.0,0.0,0.0,0.0,0.0,0.0,0.0,0.0,0.0,0.0,0.0,0.0,0.0,0.0,0.0,0.0,0.0,0.0,0.0,0.0,0.0,0.0,6.874420146490547,6.874420146490547,6.874420146490547,0.0,0.0,0.0,6.874420146490547,6.874420146490547,6.874420146490547,0.0,0.0,0.0,7623.204884184305,7585.5900698830665,6916.886667751989,8254.293472014144,386.5337584572699
2023-09-10,7508.729662183875,7508.729662183875,7508.729662183875,0.0,0.0,0.0,0.0,0.0,0.0,0.0,0.0,0.0,0.0,0.0,0.0,0.0,0.0,0.0,0.0,0.0,0.0,0.0,0.0,0.0,0.0,0.0,0.0,0.0,0.0,0.0,0.0,0.0,0.0,0.0,0.0,0.0,0.0,0.0,0.0,0.0,0.0,0.0,111.8520512679913,111.8520512679913,111.8520512679913,0.0,0.0,0.0,111.8520512679913,111.8520512679913,111.8520512679913,0.0,0.0,0.0,9401.367634265876,9453.466669069188,8715.57317979607,10191.360158342306,426.52802848157063
2023-09-11,7891.207975306319,7891.207975306319,7891.207975306319,0.0,0.0,0.0,0.0,0.0,0.0,0.0,0.0,0.0,0.0,0.0,0.0,0.0,0.0,0.0,0.0,0.0,0.0,0.0,0.0,0.0,0.0,0.0,0.0,0.0,0.0,0.0,0.0,0.0,0.0,0.0,0.0,0.0,0.0,0.0,0.0,0.0,0.0,0.0,5.326229960015765,5.326229960015765,5.326229960015765,0.0,0.0,0.0,5.326229960015765,5.326229960015765,5.326229960015765,0.0,0.0,0.0,8200.752023380359,8306.560489003325,7642.187870615178,8970.933107391471,384.0304152532637
2023-09-12,8283.187120828681,8283.187120828678,8283.187120828678,0.0,0.0,0.0,0.0,0.0,0.0,0.0,0.0,0.0,0.0,0.0,0.0,0.0,0.0,0.0,0.0,0.0,0.0,0.0,0.0,0.0,0.0,0.0,0.0,0.0,0.0,0.0,0.0,0.0,0.0,0.0,0.0,0.0,0.0,0.0,0.0,0.0,0.0,0.0,7.571561849038305,7.571561849038305,7.571561849038305,0.0,0.0,0.0,7.571561849038305,7.571561849038305,7.571561849038305,0.0,0.0,0.0,7706.488638724392,7789.892778098412,7125.316860957142,8454.468695239682,384.1479289833933
2023-09-13,8684.667098750973,8684.667098750973,8684.667098750973,0.0,0.0,0.0,0.0,0.0,0.0,0.0,0.0,0.0,0.0,0.0,0.0,0.0,0.0,0.0,0.0,0.0,0.0,0.0,0.0,0.0,0.0,0.0,0.0,0.0,0.0,0.0,0.0,0.0,0.0,0.0,0.0,0.0,0.0,0.0,0.0,0.0,0.0,0.0,23.05006548751269,23.05006548751269,23.05006548751269,0.0,0.0,0.0,23.05006548751269,23.05006548751269,23.05006548751269,0.0,0.0,0.0,7779.152520077444,7812.8827765142405,7179.51661816526,8446.24893486322,366.1076059820696
2023-09-14,9095.647912787454,9095.647912787454,9095.647912787454,0.0,0.0,0.0,0.0,0.0,0.0,0.0,0.0,0.0,0.0,0.0,0.0,0.0,0.0,0.0,0.0,0.0,0.0,0.0,0.0,0.0,0.0,0.0,0.0,0.0,0.0,0.0,0.0,0.0,0.0,0.0,0.0,0.0,0.0,0.0,0.0,0.0,0.0,0.0,18.048250795666604,18.048250795666604,18.048250795666604,0.0,0.0,0.0,18.048250795666604,18.048250795666604,18.048250795666604,0.0,0.0,0.0,8362.569594893639,8303.361579157478,7652.221781395427,8954.501376919528,376.3813859896251
2023-09-15,9516.129559393621,9516.129559393621,9516.129559393621,0.0,0.0,0.0,0.0,0.0,0.0,0.0,0.0,0.0,0.0,0.0,0.0,0.0,0.0,0.0,0.0,0.0,0.0,0.0,0.0,0.0,0.0,0.0,0.0,0.0,0.0,0.0,0.0,0.0,0.0,0.0,0.0,0.0,0.0,0.0,0.0,0.0,0.0,0.0,13.725309010979224,13.725309010979224,13.725309010979224,0.0,0.0,0.0,13.725309010979224,13.725309010979224,13.725309010979224,0.0,0.0,0.0,8915.624220903086,8807.049725115785,8121.000393199747,9493.099057031823,396.56030746591773
2023-09-16,9946.112038569481,9946.112038569481,9946.112038569481,0.0,0.0,0.0,0.0,0.0,0.0,0.0,0.0,0.0,0.0,0.0,0.0,0.0,0.0,0.0,0.0,0.0,0.0,0.0,0.0,0.0,0.0,0.0,0.0,0.0,0.0,0.0,0.0,0.0,0.0,0.0,0.0,0.0,0.0,0.0,0.0,0.0,0.0,0.0,6.874420146316104,6.874420146316104,6.874420146316104,0.0,0.0,0.0,6.874420146316104,6.874420146316104,6.874420146316104,0.0,0.0,0.0,10562.666443449512,10475.953964304661,9692.23466861089,11259.673259998432,453.01693392703544
2023-09-17,10385.595342863891,10385.595342863891,10385.595342863891,0.0,0.0,0.0,0.0,0.0,0.0,0.0,0.0,0.0,0.0,0.0,0.0,0.0,0.0,0.0,0.0,0.0,0.0,0.0,0.0,0.0,0.0,0.0,0.0,0.0,0.0,0.0,0.0,0.0,0.0,0.0,0.0,0.0,0.0,0.0,0.0,0.0,0.0,0.0,111.85205126800498,111.85205126800498,111.85205126800498,0.0,0.0,0.0,111.85205126800498,111.85205126800498,111.85205126800498,0.0,0.0,0.0,12639.272120730735,12653.044891568527,11768.776032400208,13537.313750736845,511.13806888342134
2023-09-18,10834.579479409287,10834.579479409287,10834.579479409287,0.0,0.0,0.0,0.0,0.0,0.0,0.0,0.0,0.0,0.0,0.0,0.0,0.0,0.0,0.0,0.0,0.0,0.0,0.0,0.0,0.0,0.0,0.0,0.0,0.0,0.0,0.0,0.0,0.0,0.0,0.0,0.0,0.0,0.0,0.0,0.0,0.0,0.0,0.0,5.326229959985006,5.326229959985006,5.326229959985006,0.0,0.0,0.0,5.326229959985006,5.326229959985006,5.326229959985006,0.0,0.0,0.0,11240.637241992192,11320.353258336145,10563.0403116307,12077.666205041589,437.7531483846496
2023-09-19,11293.064448205654,11293.064448205654,11293.064448205654,0.0,0.0,0.0,0.0,0.0,0.0,0.0,0.0,0.0,0.0,0.0,0.0,0.0,0.0,0.0,0.0,0.0,0.0,0.0,0.0,0.0,0.0,0.0,0.0,0.0,0.0,0.0,0.0,0.0,0.0,0.0,0.0,0.0,0.0,0.0,0.0,0.0,0.0,0.0,7.571561849032046,7.571561849032046,7.571561849032046,0.0,0.0,0.0,7.571561849032046,7.571561849032046,7.571561849032046,0.0,0.0,0.0,10660.660959723597,10715.807365288736,9960.48323404194,11471.131496535532,436.6035440732929
2023-09-20,11761.050249252998,11761.050249252998,11761.050249252998,0.0,0.0,0.0,0.0,0.0,0.0,0.0,0.0,0.0,0.0,0.0,0.0,0.0,0.0,0.0,0.0,0.0,0.0,0.0,0.0,0.0,0.0,0.0,0.0,0.0,0.0,0.0,0.0,0.0,0.0,0.0,0.0,0.0,0.0,0.0,0.0,0.0,0.0,0.0,23.050065487562094,23.050065487562094,23.050065487562094,0.0,0.0,0.0,23.050065487562094,23.050065487562094,23.050065487562094,0.0,0.0,0.0,10746.094811673098,10742.768516613201,9972.73459001758,11512.802443208822,445.1063159512261
2023-09-21,12238.536882551345,12229.998734546307,12259.933343411985,0.0,0.0,0.0,0.0,0.0,0.0,0.0,0.0,0.0,0.0,0.0,0.0,0.0,0.0,0.0,0.0,0.0,0.0,0.0,0.0,0.0,0.0,0.0,0.0,0.0,0.0,0.0,0.0,0.0,0.0,0.0,0.0,0.0,0.0,0.0,0.0,0.0,0.0,0.0,18.048250795693296,18.048250795693296,18.048250795693296,0.0,0.0,0.0,18.048250795693296,18.048250795693296,18.048250795693296,0.0,0.0,0.0,1146.0,11316.618787080048,10492.147997111877,12141.089577048218,476.5727109642607
